column,case,Fx_lb,vertical_Fy_lb,Fz_lb,Mx_lb_in,My_lb_in,Mz_lb_in
W1,service40,22.030478266408476,9852.397567070875,59.37523333840203,2661.1162861800917,-79.94118601452807,-1244.6136624879075
W1,service_patches,23.07484214929309,9894.70432009434,60.03761867943099,2696.0182612474186,-81.9548378567724,-1300.7262321448072
W1,typical30,13.653392697106575,5866.99523821013,39.7419122317002,1777.6173511725124,-86.96098818450116,-728.1276667880437
W1,storage125_sensitivity,23.03849366726012,13414.943239929593,96.49474796690997,4375.891187237819,-315.11114302500164,-1184.8119763988304
W1,live_only,0.47432323825889716,1676.4919064561254,17.468006634435604,806.9528987483718,-110.66853306642126,28.144261557819956
W1,machine200,13.651683190907386,6320.379875860923,44.48057223762743,1996.6639715723272,-118.41699698749754,-712.3967535754992
W1,uplift20_sensitivity,-0.27970621146842295,-800.5024748603554,0.7182228742031647,21.680632577871915,-37.06087550756831,73.96763430609545
W1,strength_screen,22.5162419486464,10064.768603892131,68.61087731281616,3094.7315384014464,-167.70032434455973,-1205.587778671251
W1,HB0.25,10.953999761230174,6302.102097726405,45.897180094799914,2081.4909434744345,-144.04233048350758,-540.3613622105522
W1,HB0.5,11.112414706276999,6302.907697881321,45.372900186976615,2050.683129681566,-145.78697536254467,-548.1765919152979
W1,HB0.75,12.352751984347915,6301.511465445529,44.73362662089635,2013.4554423544434,-133.07668902573107,-626.6670741897638
W1,HT0.25,18.166034670749745,7380.1662497208235,53.036267133847886,2360.2011089825096,-118.1739849224787,-975.081417763571
W1,HT0.5,16.2926598073786,7011.292868392339,49.978749406189166,2230.0167780771344,-133.1946203969248,-868.6459576837034
W1,HT0.75,14.84607399287677,6645.440005512292,47.008314811852564,2103.034895667978,-137.40237471716932,-780.542949278806
W1,storage125_strength_sensitivity,22.458006490772455,15697.150595470543,126.94228066877818,5782.528021270709,-540.751063461397,-1020.1201252639054
W1,strength_roof,30.689332942981665,12956.396545061365,74.52558996568449,3339.5551780547744,-61.93581052371077,-1764.677823111953
W1,strength_HB0.25,18.007486171739423,10090.342922940315,71.47210007813685,3258.1479048187557,-214.76301989689193,-916.4195190055246
W1,strength_HB0.5,18.261062529803674,10091.632502328073,70.63325008203222,3208.855187879495,-217.55346566698108,-928.9308471230931
W1,strength_HB0.75,20.245507765806675,10089.39792909603,69.61041687811118,3149.291256954207,-197.21785221070314,-1054.5097869067467
W1,strength_HT0.25,29.546815191746077,11815.245889064368,82.89464062849605,3704.0842167167643,-173.3730427346324,-1611.97614923649
W1,strength_HT0.5,26.549274380745334,11225.047638178388,78.00261702265341,3495.789701338496,-197.40730793315876,-1441.6706921414186
W1,strength_HT0.75,24.234886322635187,10639.683939201357,73.24991687881818,3292.618268344201,-204.1383948059876,-1300.7151086527413
W1,lateral_HX,-69.50723683297478,3234.1004263807904,21.121728420211564,1026.158811869556,-530.6316039113497,4356.327351063213
W1,strength_lateral_HX_1,-66.30727712524279,5674.070036499279,42.71047540074008,2019.5511137456097,-640.1605361139395,4226.280152079828
W1,strength_lateral_HX_-1,89.5209770930606,6417.58447265685,35.050549897042885,1482.6058496313058,452.64442972137664,-5507.228755152156
W1,strength_lateral_HX_2,-144.22124230910993,5302.313649252118,46.54043717999236,2288.023583341684,-1186.5616141600024,9093.024572100097
W1,strength_lateral_HX_-2,167.43500875183173,6789.34116492665,31.22058889978889,1214.1333957731429,999.046077383642,-10373.97729951364
W1,lateral_HZ,-10.131230476906259,3625.04517240864,13.598298025443118,511.15759470829653,-122.12091338967042,654.188255502561
W1,strength_lateral_HZ_1,-6.931298399296791,6065.014592564823,35.1870467871895,1504.550036856137,-231.65009574849705,524.1427611780201
W1,strength_lateral_HZ_-1,30.145066835882073,6026.6402196129,42.573979695504796,1997.6069691455352,44.134573492644,-1805.0956140748563
W1,strength_lateral_HZ_2,-25.46940902808117,6084.202203922348,31.493578037306328,1258.0213686828122,-369.541793810705,1688.7574966062823
W1,strength_lateral_HZ_-2,48.68323594420832,6007.452922016275,46.26744762605626,2244.135546070832,182.02678209432293,-2969.7139709580024
W1,basic_Dfloor,0.14229785940361667,502.94757727315914,5.240401959150944,242.08586693211276,-33.20055205524735,8.443223565036677
W1,basic_Droof,3.9345269904769293,1819.864227572149,7.041811243553328,314.72831595214893,16.269803739114188,-250.17293773306136
W1,basic_Dsteel,4.4723402486597506,1785.9933317559162,10.249953459615586,442.95781006077823,-0.49911759203036765,-260.2527323026954
W1,basic_Dwall,4.748532022344694,500.82144046968534,4.108739376872843,172.63057193682786,13.470689748831589,-247.2563154700504
W1,basic_HB0.25,-2.8180026199382726,15.983789126304696,1.7882645794312764,102.1352711607474,-29.414448341167,180.73203651981035
W1,basic_HB0.5,-2.659646680594589,16.78903983105962,1.263986572015439,71.32762437122967,-31.15961477153971,172.92045607408917
W1,basic_HB0.75,-1.4193764811395944,15.392434664949247,0.6247143804877152,34.10007197528993,-18.44991690034855,94.4341257427119
W1,basic_HT0.25,4.394022848901796,1094.047865546267,8.927352587200371,380.8455096701918,-3.5461905695849514,-253.9874382405204
W1,basic_HT0.5,2.520591620161431,725.1740792409189,5.869839039007548,250.66150311711863,-18.56733915635966,-147.5485029382588
W1,basic_HT0.75,1.0741544027668037,359.3220898023038,2.899399836793859,123.67921274440926,-22.773780480118894,-59.45468525257344
W1,basic_HX,-77.9140791315985,-371.7569555087025,3.829961923498161,268.4725462403502,-546.4020633531255,4866.751483142595
W1,basic_HZ,-18.53814716365083,19.187390087052517,-3.6934673980140267,-246.5285526231085,-137.89202225690238,1164.6169941169915
W1,basic_L125,1.4823439850260325,5239.037664001907,54.58751932577467,2521.727661655609,-345.83843174801495,87.94562504365499
W1,basic_L30,0.3557700794240781,1257.3690853718997,13.101004341896257,605.2146137683872,-83.00115670221705,21.10648501420073
W1,basic_L40,0.47432323825889716,1676.4919064561254,17.468006634435604,806.9528987483718,-110.66853306642126,28.144261557819956
W1,basic_L75patch,1.518723635517755,1718.7988003166377,18.130393283279503,841.8549437396624,-112.68187748206851,-27.970577550008134
W1,basic_P200,-0.12031968662647377,34.26153452322897,0.37165771068827486,17.308368545006225,-3.7891250853621217,8.69667151637143
W1,basic_R20,8.258322418589767,3566.278399310835,15.266321132357303,681.760934266245,34.6853496014456,-523.5107651626229
W1,basic_U20,-8.258322418589767,-3566.278399310835,-15.266321132357303,-681.760934266245,-34.6853496014456,523.5107651626229
W3,service40,414.5535490084185,8585.18438916488,865.8411605145005,3344.341596280952,168.1176842318208,-13600.559132096128
W3,service_patches,450.3239305947758,8914.306550904865,921.8900603846514,3649.7010199925658,214.8594431195377,-14773.754929412604
W3,typical30,339.66398729136927,5716.5015110695,581.0017967224825,2260.7371334228665,150.00763715046554,-11160.024551858725
W3,storage125_sensitivity,1052.5977559508192,14995.150136854116,1476.0006824540587,6494.308412239147,427.0398909614734,-34656.28193189002
W3,live_only,300.2560754481035,3016.4543868330443,287.1338504599146,1482.3371843999128,121.84585444843945,-9908.574117949232
W3,machine200,423.6098532021342,6538.089317495075,658.4095469674999,2661.345712612488,183.24011692922826,-13927.39608056954
W3,uplift20_sensitivity,68.85774969492408,-42.072816495894045,6.335057030326771,-23.629789914343622,47.52481374582212,-2273.7733746603303
W3,strength_screen,674.9213588217468,10555.200076855741,1094.402024177963,4595.606062645776,333.9125904205512,-22186.836506215164
W3,HB0.25,512.1878813617645,7487.780343741767,729.1229009595027,3128.0817741973724,171.31689390527123,-17003.838846685623
W3,HB0.5,516.0815197080223,7156.88793337728,707.6149237101897,2983.908386430318,196.3857011457914,-17020.558969665133
W3,HB0.75,469.47566524749317,6801.337917006542,682.3136471253791,2813.983457046266,214.4855626143237,-15351.938877710272
W3,HT0.25,413.21147378151375,6790.587903524641,681.4491729610364,2617.7661704182938,180.81013003594495,-13542.881319149707
W3,HT0.5,412.8913356158943,6684.613031731995,672.4355241542364,2625.8792989031494,190.65093489107664,-13522.506786068008
W3,HT0.75,413.0536666643087,6577.334968437591,662.9329054970606,2631.3199227720715,196.59792503997704,-13528.779970599115
W3,storage125_strength_sensitivity,1638.559442487357,20284.549263257075,1980.9788213256872,9146.976756832106,673.4015976396631,-53998.87748551919
W3,strength_roof,473.1135609462676,10873.87983415349,1122.853687760653,4307.309179341505,219.17368236554822,-15497.503454799114
W3,strength_HB0.25,830.857170320077,12182.664056940146,1216.542136717109,5390.421728366151,319.26911646041975,-27573.510393094013
W3,strength_HB0.5,837.0870674817282,11653.236085041055,1182.1293954622358,5159.743921802112,359.3789305505495,-27600.267134249192
W3,strength_HB0.75,762.5176283521913,11084.356497642808,1141.6474331869892,4887.865118738272,388.3388877584458,-24930.47067734853
W3,strength_HT0.25,672.4949591106684,11067.156417320559,1140.2642849379718,4573.917265630291,334.45806075544857,-22035.98080862313
W3,strength_HT0.5,671.9826367386936,10897.597028663615,1125.8424944066592,4586.899337217939,350.20365386188337,-22003.37548595144
W3,strength_HT0.75,672.2424729201297,10725.95172839254,1110.6382631700742,4595.6032763355015,359.71850954990566,-22013.41896250545
W3,lateral_HX,-74.59600139243807,1862.4283642169999,-30.588742586599782,-407.78129411814984,21.798459433173985,5513.112939233558
W3,strength_lateral_HX_1,265.947640069269,5643.469189587767,357.45033408421347,1477.0643195339353,188.7638775103404,-5706.721922264606
W3,strength_lateral_HX_-1,460.3121922154523,6273.254322531048,867.1913434200632,3264.1137225553534,128.94238680613987,-18113.63954529876
W3,strength_lateral_HX_2,168.76546632138084,5328.576724864379,102.57993930967986,583.5396557729002,218.67418305266364,496.7307483967756
W3,strength_lateral_HX_-2,557.4944043575723,6588.14697870706,1122.0618266847762,4157.638734698777,99.0318767641868,-24317.094522706593
W3,lateral_HZ,22.36278819655775,1685.0564897426998,72.73941084096352,-585.3626668577647,119.43230270463977,-670.627333194725
W3,strength_lateral_HZ_1,362.906407144233,5466.097502526537,460.7785281434982,1299.4833951948187,286.3977638551876,-11890.460847873966
W3,strength_lateral_HZ_-1,363.3534634775511,6450.626254946972,763.8632544820557,3441.695112606634,31.308282482659997,-11929.90292422461
W3,strength_lateral_HZ_2,362.6829302831008,4973.832935983028,309.2361456463525,228.377030329441,413.94234586464745,-11870.742883778694
W3,strength_lateral_HZ_-2,363.57697878324905,6942.890798945357,915.4056594645025,4512.80135949212,-96.2364493292028,-11949.623194055177
W3,basic_Dfloor,90.07682327670872,904.9363133589447,86.14015480448326,444.7011483178626,36.55375444989338,-2972.5722738601244
W3,basic_Droof,-0.31274213095656783,832.7638376661934,81.11401062542022,219.28309878742917,-5.485099524085794,28.491630761394475
W3,basic_Dsteel,22.899005687326063,1344.5569387509365,143.16769531470482,266.4599927383037,-2.6271018188893516,-718.836832639159
W3,basic_Dwall,1.8088763591381616,371.9035421945693,55.229545645905986,218.53975312421605,30.18158473078055,-65.67843518186777
W3,basic_HB0.25,97.45986253293556,1017.164989879817,76.33755596135273,496.75983133653244,-9.152092335475391,-3366.67000028523
W3,basic_HB0.5,101.35345881463364,686.2727382337,54.82959538073296,352.58686485601214,15.916844113982947,-3383.387602521633
W3,basic_HB0.75,54.747558879786084,330.72280273614655,29.528308923832952,182.66219277991684,34.01686881924739,-1714.764784373232
W3,basic_HT0.25,-1.5165538722194374,319.97265919274076,28.663855013046167,-13.555518269716357,0.3411514707687889,94.2880544452582
W3,basic_HT0.5,-1.8367395649587146,213.9982385805989,19.650308955109846,-5.441321692977443,10.182032552306316,114.66543029911428
W3,basic_HT0.75,-1.6743030303485467,106.71979850649335,10.14765498821239,-0.0017071672565227077,16.128692760812044,108.38592486123461
W3,basic_HX,-97.18224409342139,-314.89260475295674,-254.87049193393102,-893.5248424457055,29.91062592975125,6203.456893558833
W3,basic_HZ,-0.2235034716200945,-492.2644464289827,-151.5423659021405,-1071.1060557781502,127.54465878361219,19.719558148836114
W3,basic_L125,938.3002916914367,9426.419897048243,897.2933063485675,4632.303466795709,380.76808464528443,-30964.297471139747
W3,basic_L30,225.19207554952104,2262.3407482685234,215.3503894370601,1111.7527633406232,91.38432478399358,-7431.431725063259
W3,basic_L40,300.2560754481035,3016.4543868330443,287.1338504599146,1482.3371843999128,121.84585444843945,-9908.574117949232
W3,basic_L75patch,336.02647541169495,3345.5767652531053,343.18283128377806,1787.6970474258123,168.58748330917442,-11081.771021685794
W3,basic_P200,8.88183103316971,67.4740883856659,5.62423789747736,30.024047828907065,2.771111994878598,-290.2270358782688
W3,basic_R20,-0.17457423160176008,2114.569241266873,213.05579897106415,713.020289361648,-12.350932865774547,36.615974386553575
W3,basic_U20,0.17457423160176008,-2114.569241266873,-213.05579897106415,-713.020289361648,12.350932865774547,-36.615974386553575
W4,service40,-226.9641872559156,1377.787030630809,-567.0281750432478,-118.48689031348066,-2282.9551765975343,-2365.0787613058064
W4,service_patches,-251.4581281052096,1613.0628706879731,-596.9874775703972,-192.1401503745565,-2538.8191352480435,-2752.611737558975
W4,typical30,-189.91779199650108,892.4904379063836,-381.4415952529114,30.87254991954306,-1963.223488912476,-1862.3890268339787
W4,storage125_sensitivity,-602.5976168105859,1111.2423693064895,-993.2165489069432,744.8487607082113,-6250.554226265143,-6306.121280531063
W4,live_only,-176.76888864745388,-125.43377225224398,-200.55919220387636,406.27674824720964,-1867.1057131178623,-1854.6067480168156
W4,machine200,-239.1127200513136,848.4526178677943,-436.0295017878518,151.27455654877005,-2482.2744149614587,-2372.8307122116025
W4,uplift20_sensitivity,-41.54902182039106,75.29173675314742,-3.167004037324679,86.618629383406,-484.7790558485157,-243.83249609682656
W4,strength_screen,-387.2576681954636,1617.9501698113831,-713.7793678210074,78.13575348449235,-3998.7032561499705,-4172.658526503065
W4,HB0.25,-274.7376498634674,760.5592621800789,-515.6416517801596,61.97052776533781,-3055.121803280903,-2901.471340493423
W4,HB0.5,-283.53789036495573,765.7956296019936,-487.681093132181,223.05876481919339,-3044.9832690654107,-2898.0130874341153
W4,HB0.75,-267.80801406439036,840.9438655804092,-460.50659083150583,214.320837615084,-2731.886002125365,-2608.1062772173404
W4,HT0.25,-244.8917260818111,687.3953145689762,-420.93154610446976,424.68812994380977,-2408.380506830144,-2248.3143179017025
W4,HT0.5,-242.6430820454688,747.4324983426877,-424.5072122781293,332.2760643595963,-2405.7082726583135,-2262.9097314374967
W4,HT0.75,-239.5769423424639,807.6385395250536,-428.30549437696504,235.26763903582878,-2407.2854700446583,-2284.3467717710637
W4,storage125_strength_sensitivity,-949.0810805250655,815.0367541376205,-1347.7459859596981,1577.3182696480912,-9937.479446727799,-9858.272120967453
W4,strength_roof,-258.6396225453873,2120.3656576445883,-724.4598794618706,-397.46054063389835,-2563.172047056719,-2870.316033397591
W4,strength_HB0.25,-452.2616312458129,1457.0354360972171,-848.2759911241035,-34.62056437370374,-4998.897674580236,-5093.349205136218
W4,strength_HB0.5,-466.3411386837711,1465.4180812873133,-803.5394158406124,223.11500899097987,-4982.674642160144,-5087.822003404545
W4,strength_HB0.75,-441.1742780177398,1585.6501730210514,-760.0597684937693,209.14099938234293,-4481.720666923998,-4623.964719804056
W4,strength_HT0.25,-404.50778548112356,1339.9746914069528,-696.739854778203,545.7259011743978,-3964.1111932470244,-4048.300537762337
W4,strength_HT0.5,-400.911213154763,1436.0275562858758,-702.4603854313889,397.87514249718186,-3959.83773067827,-4071.6446343065118
W4,strength_HT0.75,-396.0040768849785,1532.3641138414444,-708.5381870427863,242.6527977334113,-3962.359057205274,-4105.952840375807
W4,lateral_HX,-1509.103271535742,-6059.4328129465985,161.2698959057968,8024.868178617735,-2420.0713449000714,10663.679209618436
W4,strength_lateral_HX_1,-1710.0060733962089,-5787.956573502653,-97.9492402456217,8319.413533375604,-4534.335696391366,8479.144482214608
W4,strength_lateral_HX_-1,1311.808875385282,7947.291955985852,-707.4983501918484,-8111.155793074514,392.8729028466367,-12272.219602387502
W4,strength_lateral_HX_2,-3220.9124434878777,-12655.57545662618,206.82499268152728,16534.69165069406,-6997.938391878465,18854.818929470926
W4,strength_lateral_HX_-2,2822.715609096922,14814.912459850984,-1012.2726381241587,-16326.435735817773,2856.4760393422457,-22647.896577797484
W4,lateral_HZ,164.25767642191002,2084.6738266922025,-354.35338203023036,-2210.8397124615694,562.8308007369781,-739.778212479491
W4,strength_lateral_HZ_1,-36.645436182039354,2356.14834814276,-613.5723581132848,-1916.2920667982642,-1551.4341191822878,-2924.3108388021647
W4,strength_lateral_HZ_-1,-361.5514159497029,-196.8114832319308,-191.87526435684035,2124.5482018736257,-2590.0282887967896,-868.7666966026019
W4,strength_lateral_HZ_2,125.80818554586006,3632.6315805895265,-824.4211694126305,-3936.7164649280808,-1032.135981485372,-3952.0872139174858
W4,strength_lateral_HZ_-2,-524.0046036125779,-1473.2925415133775,18.973400268787714,4144.969897156665,-3109.325762694156,159.00670327642672
W4,basic_Dfloor,-53.03065856831779,-37.63008921670517,-60.16776111336858,121.88296970432042,-560.1317003868033,-556.3820790276438
W4,basic_Droof,0.39922213032082887,116.50700748713903,-43.48116495236189,8.757219925375631,59.86052854384874,2.379537403238402
W4,basic_Dsteel,1.4049072896778745,691.6842261374429,-100.02352016744216,-199.1735761360203,-16.327600088365173,285.61815987480946
W4,basic_Dwall,-6.114205796984751,216.00664528101305,-27.349909063465375,-205.30420047099875,-46.29479600958394,-203.05224876953088
W4,basic_HB0.25,-40.62769603224808,-100.57279834368155,-84.06031837296229,-70.47135258506873,-625.1218420064436,-575.4301708121698
W4,basic_HB0.5,-49.42845630545579,-95.33916070718338,-56.09954154021075,90.6203961538457,-614.9841761616444,-571.9683781617927
W4,basic_HB0.75,-33.699111035196324,-20.193633993658334,-28.924842779362606,81.88588563722676,-301.88775036782016,-282.05793704929715
W4,basic_HT0.25,-10.781905758793778,-173.73751151458563,10.649865395159733,292.2472941714935,21.619194374951054,77.72774955111315
W4,basic_HT0.5,-8.53393740233889,-113.70410898972872,7.074561755075087,199.8403037214694,24.290166509423745,63.13689613690719
W4,basic_HT0.75,-5.466502981652888,-53.4912861982309,3.2757422621358017,102.82317026910799,22.715119773523554,41.69103449850228
W4,basic_HX,-1510.9071061926866,-6867.622401372094,304.7744242849869,8215.282329950038,-2463.6037250632244,10375.679522325892
W4,basic_HZ,162.4532869209572,1276.481455886362,-210.84866491832636,-2020.4220982165891,519.2975690795636,-1027.774097798569
W4,basic_L125,-552.40213717374,-391.977308233977,-626.7477008517085,1269.610795898152,-5834.704360656852,-5795.650469206992
W4,basic_L30,-132.5764426356148,-94.07417970322686,-150.41947947561042,304.70610470543755,-1400.3289263476358,-1390.956590443166
W4,basic_L40,-176.76888864745388,-125.43377225224398,-200.55919220387636,406.27674824720964,-1867.1057131178623,-1854.6067480168156
W4,basic_L75patch,-201.26269637382015,109.84252162676052,-230.51846758783142,332.6231255155927,-2122.969590567597,-2242.1406747844544
W4,basic_P200,-5.002844645925708,-12.679950225435128,-4.448102957163632,18.833416122913448,-52.27464039456162,-46.78902590476375
W4,basic_R20,7.144538592119681,516.6486838790892,-135.44638086031622,-250.9208278733072,147.04282647477996,-39.029200031206344
W4,basic_U20,-7.144538592119681,-516.6486838790892,135.44638086031622,250.9208278733072,-147.04282647477996,39.029200031206344
S1,service40,182.72963091024923,756.5023268072284,3.664277782631878,29.50653945021272,-33.16017823611863,-500.5032810370426
S1,service_patches,186.76217379359406,768.4554990258142,3.724531378830894,26.001092099233528,-30.450287840443398,-525.3055811523277
S1,typical30,111.64067886818685,623.7118397739166,1.145949478793793,-51.00956925888597,-0.9069049303745166,-95.0248044567903
S1,storage125_sensitivity,197.97173156104074,799.1632970037396,2.5884292841510748,-122.9990579052571,38.2077925685564,-595.4388948164352
S1,live_only,7.172528823766568,20.0752965202175,-0.5062920140402412,-71.76824960055788,33.58512304530833,-44.674283059782695
S1,machine200,113.21831220797375,627.8943200617044,0.9843953215648882,-72.3853707875156,8.556156274802833,-104.71785106874746
S1,uplift20_sensitivity,-5.538100394715225,237.42389617028425,-1.7294538092548812,-96.76430576137913,24.99126262818066,357.39268176405164
S1,strength_screen,180.089229462631,845.5168672281276,2.4395742108940803,-67.83027452650077,6.432649737110198,-382.1382841254766
S1,HB0.25,102.64028578125615,595.3140656802794,0.5633105357796561,-105.11269536762047,21.216941138326256,-36.44419356548717
S1,HB0.5,104.0325548333701,599.6495241735132,0.5403760734422933,-108.74724842134022,20.132037182932542,-45.30920291307304
S1,HB0.75,108.99418125505743,614.1194894223456,0.7304911995705913,-95.24756562621477,15.015718484698906,-76.72206953991574
S1,HT0.25,129.27349021385118,682.855744651627,1.6167945270539397,-27.238744710320827,3.0272590522387777,-212.64784412014507
S1,HT0.5,125.83124269993313,665.5070550511688,1.2435969297287164,-59.32531298012508,5.528562630601923,-186.26298457952717
S1,HT0.75,122.07285381278201,648.5687645109532,0.98976188639477,-81.20831327286528,9.335085452512155,-157.46816399689408
S1,storage125_strength_sensitivity,198.02377774578042,894.6481920790557,0.621778683566853,-306.2334888777907,116.28621317642839,-494.34750200561706
S1,strength_roof,249.59098019752835,966.8477658556673,5.6165629975978195,85.63551381886292,-60.058352982807776,-774.1899522638306
S1,strength_HB0.25,162.8193119065273,792.0501297936906,1.7098582556662119,-125.68905586149167,28.396981183975775,-270.5382316350451
S1,strength_HB0.5,165.04736033023156,798.9880559672367,1.6731845679755504,-131.50260652167518,26.660757260391854,-284.72488895967183
S1,strength_HB0.75,172.9858585956877,822.1391751523364,1.9773601734485957,-109.9036060775155,18.474761456927965,-334.98448035335286
S1,strength_HT0.25,205.4329557494634,932.1177677276759,3.3954559205008263,-1.0886520608495553,-0.7069567499334212,-552.4670054397305
S1,strength_HT0.5,199.92502559293337,904.3585026804324,2.798320126472356,-52.428592122091146,3.295445949733242,-510.24885686964797
S1,strength_HT0.75,193.91197958306935,877.2586945538619,2.392205705623706,-87.43978966830439,9.385528357533065,-464.17976728188285
S1,lateral_HX,-263.99217726127983,-479.8799603625208,-14.152768972459626,-1236.9903731143563,239.80361098790925,2292.049301740361
S1,strength_lateral_HX_1,-233.600895326184,-334.1660707140866,-14.325362538960384,-1310.6981535089128,269.46986238023584,2224.04750806671
S1,strength_lateral_HX_-1,486.2495930510448,1762.4593250154048,16.71482947173719,1178.9584677186963,-276.4286153077656,-2345.3285374330226
S1,strength_lateral_HX_2,-593.5253459659415,-1382.4769117921653,-29.84542037971146,-2555.523222204153,542.4184006830048,4508.730774227122
S1,strength_lateral_HX_-2,846.1744776808019,2810.7710052007074,32.2349071111032,2423.785290316571,-549.3775302346259,-4630.0142922992345
S1,lateral_HZ,-336.9806826179299,111.40497558944091,-16.179188047617245,-1710.1717642131882,331.118245274194,2246.549761878537
S1,strength_lateral_HZ_1,-306.58938867123203,257.11865407733364,-16.351782512058264,-1783.879522933007,360.7844951877184,2178.5480490815326
S1,strength_lateral_HZ_-1,559.238567929784,1171.1754894059513,18.741271150427607,1652.1417781167593,-367.7436643402755,-2299.831813045868
S1,strength_lateral_HZ_2,-739.5031839947172,-199.909059772092,-33.898298844108574,-3501.8893944321117,725.0484029133789,4417.736707231145
S1,strength_lateral_HZ_-2,992.1526073016138,1628.2038431230787,36.28779964868872,3370.1526549021046,-732.0077902148746,-4539.021978025159
S1,basic_Dfloor,2.1517606391029003,6.022597454063606,-0.15188748488622233,-21.53046631414958,10.075535011344428,-13.402299309414182
S1,basic_Droof,37.56152928678794,63.57466215080765,1.3777193608219065,51.742448629631454,-22.797317527550103,-210.0682244539669
S1,basic_Dsteel,58.371324063978754,504.8577393694881,-0.010401598297503983,-43.90536562876244,-10.348127878720039,217.4306790213756
S1,basic_Dwall,8.176812273982211,34.20084470967493,0.3102459894201384,16.510604957801565,-3.0259691436015728,-55.480199656482604
S1,basic_HB0.25,-10.79383138307165,-33.41704685342302,-0.45607901806232365,-36.162284172805506,13.727825441523322,69.75084543321903
S1,basic_HB0.5,-9.401710124615487,-29.082164171854288,-0.47902199604688767,-39.79746649301414,12.643060553145919,60.886868905278284
S1,basic_HB0.75,-4.440323950949957,-14.612904366310971,-0.2889193146075899,-26.29878213477525,7.526959511881544,29.475533910157417
S1,basic_HT0.25,15.839410018784237,54.124583559125014,0.59740591732407,41.71180196909085,-4.46188411459279,-106.45294042324454
S1,basic_HT0.5,12.397237265469883,36.77549812742286,0.22420841761293958,9.62547554042384,-1.9606251256089127,-80.06816436072704
S1,basic_HT0.75,8.639237785735213,19.83866916863644,-0.0296045150502281,-12.255871846043137,1.8455331311835288,-51.27602957944159
S1,basic_HX,-359.9250584974711,-1048.3121828852213,-15.520086583432539,-1244.8275431757936,272.9490719271158,2284.6868582845505
S1,basic_HZ,-432.9138711467179,-457.0280589204027,-17.54652101034824,-1718.0102002935737,364.263981025962,2239.1892197563534
S1,basic_L125,22.414481670304134,62.73620370292548,-1.5821458843762768,-224.27441900267655,104.9532136680829,-139.60919158434675
S1,basic_L30,5.379489606992796,15.056758725872697,-0.37971410925535565,-53.82579903219608,25.18875748829607,-33.50631361672349
S1,basic_L40,7.172528823766568,20.0752965202175,-0.5062920140402412,-71.76824960055788,33.58512304530833,-44.674283059782695
S1,basic_L75patch,11.205390511237034,32.028987093900746,-0.4460244774866472,-75.2724196636834,36.2947404993608,-69.47834870637932
S1,basic_P200,-0.2157169438932099,-0.8367338376389353,-0.03499089870323943,-3.4346161681179757,1.0669683496223465,1.4767544780674413
S1,basic_R20,69.29497993704923,127.76961052023394,2.644860375867266,98.45472981537566,-40.64880929019609,-394.304815720829
S1,basic_U20,-69.29497993704923,-127.76961052023394,-2.644860375867266,-98.45472981537566,40.64880929019609,394.304815720829
S2,service40,4.867729253977364,1633.5297583730733,604.8261250019386,2680.3653484388105,236.023057306312,-438.0949116662737
S2,service_patches,8.882668756362573,1688.9975457017956,643.3512684780964,2857.1049880437713,245.74116920493506,-464.0771537874743
S2,typical30,-11.499493652930552,1003.7978166180845,369.9011842162882,1464.122999006371,78.69296658873134,-294.9896498246691
S2,storage125_sensitivity,21.427182273663366,2030.0591795408675,859.7096456734679,3757.636525071881,126.21831821008324,-528.5418458299811
S2,live_only,7.792609341967998,186.60068524857317,119.94468796663632,506.9479697500351,-51.67356515212004,-42.56264459300158
S2,machine200,-9.841887916086302,1056.6076395344667,402.66239604716435,1602.8011227192526,62.10894099480644,-303.3322383670436
S2,uplift20_sensitivity,-24.824830947341955,-64.77172340044905,-36.972181293445,-439.1515497017478,-99.77544952718382,-25.38065528199697
S2,strength_screen,5.288563807088804,1715.4679774863498,691.9523294096539,2939.347150412447,158.93150560455769,-491.5830286106101
S2,HB0.25,-21.23722127284886,1108.2181971830726,411.4713252445538,1647.7947953779965,5.150901222472815,-219.62940558431225
S2,HB0.5,-19.594212496625328,1110.7072650234024,416.3891943002323,1668.8465501388387,6.285334304616397,-230.38584073216705
S2,HB0.75,-14.751363692196279,1108.1602918787257,422.4151828616232,1698.161113847805,31.67467791878049,-266.67091783353
S2,HT0.25,11.437345299664944,942.1033312190801,386.0713809455391,1489.2132438759381,136.15124752529715,-452.1708785351985
S2,HT0.5,3.6964121851329876,1034.9964408956087,413.38277178167783,1629.0518681973895,104.06684741952924,-401.5941282836635
S2,HT0.75,-4.543649335706198,1127.3151018640929,440.96390285890334,1771.4032781617748,74.70371857439616,-341.92311448092204
S2,storage125_strength_sensitivity,25.359789732651304,2261.1583539085104,1038.1231250233518,4380.181272359587,-32.306685643505716,-594.7262215421704
S2,strength_roof,14.065080834948409,2211.609172851968,822.3006971559773,3727.575617895252,371.3769976183841,-596.1673517207187
S2,strength_HB0.25,-13.408666209982618,1807.8947093386464,710.4850376597839,3030.4326676734327,61.93361284616723,-353.9826817513826
S2,strength_HB0.5,-10.779467588557662,1811.8762790329706,718.3536197184959,3064.115683060538,63.75092428076564,-371.19583060324254
S2,strength_HB0.75,-3.0313799632967386,1807.806745110405,727.9966300294643,3111.0276175081544,104.37206158866387,-429.2486531205486
S2,strength_HT0.25,38.87074490676608,1542.1150969200132,669.8465281791666,2776.7110367631126,271.53566046004136,-726.0500006716136
S2,strength_HT0.5,26.48465499713911,1690.7489861006602,713.5458622153566,3000.4593782988463,220.19787586302698,-645.1229191806509
S2,strength_HT0.75,13.301174480570115,1838.4540903472612,757.6746298649928,3228.2155233076714,173.21977836197513,-549.6537429224165
S2,lateral_HX,-380.8048182363185,1903.1800109885057,297.8551809916015,1106.29350927339,-1512.515215604021,2334.5952801119083
S2,strength_lateral_HX_1,-375.3391556828672,2312.242571701831,501.44267774671897,1961.106677304928,-1533.8287202389315,2227.7250748342867
S2,strength_lateral_HX_-1,322.855157786167,175.81682018677745,356.90953462901393,1459.781190370299,1697.6420365424583,-2824.745013700053
S2,strength_lateral_HX_2,-724.4358713629857,3380.457822956721,573.7103338836148,2211.7765148531803,-3149.560864024818,4753.956703366268
S2,strength_lateral_HX_-2,671.9519896245681,-892.3953334303097,284.6429476749134,1209.1181306018298,3313.375530095354,-5350.977646084732
S2,lateral_HZ,122.06126760704704,-6190.222788742241,-1900.8441757038618,-12353.764514118044,-334.64199175436386,-1055.7780634005635
S2,strength_lateral_HZ_1,127.52676714999271,-5781.15775172776,-1697.2560165974196,-11498.94730642245,-355.9560181854148,-1162.6471472013752
S2,strength_lateral_HZ_-1,-180.0106658490648,8269.221007562928,2555.609528314705,14919.843382481447,519.7707318548553,565.626299866263
S2,strength_lateral_HZ_2,281.29578085514015,-12806.349395280862,-3823.689283175882,-24708.34554563297,-793.8179898695867,-2026.7860100056316
S2,strength_lateral_HZ_-2,-333.7794950895086,15294.412679610627,4682.042942630932,28129.24267229236,957.6338629495357,1429.7637745255502
S2,basic_Dfloor,2.337786631013017,55.98017240067711,35.98339875328504,152.08434566716875,-15.502052288575468,-12.768820764058589
S2,basic_Droof,3.738148015723482,335.6375953259367,104.16776667109215,564.5280926670284,82.44140709077958,-44.53697536899827
S2,basic_Dsteel,-35.44581208257617,499.32723016960387,121.42010871056029,291.09807204467614,20.778274931265067,-147.1026722744042
S2,basic_Dwall,12.026105613929964,-27.098684948012274,18.371214854335797,76.20050919267476,29.731429310171492,-58.660500688501756
S2,basic_HB0.25,-11.6858603378321,57.76656416776633,11.582828398705926,56.92767040470878,-60.62428428772361,86.00091129542324
S2,basic_HB0.5,-10.043096799290142,60.25753519577042,16.50111632462512,77.98188371597894,-59.491001176928975,75.2462396174734
S2,basic_HB0.75,-5.20048316214405,57.71130449813344,22.527163396226875,107.29665475758628,-34.102979314472954,38.96289950213045
S2,basic_HT0.25,20.98863100235124,-108.34681368821072,-13.81670077995591,-101.65133106128604,70.3758904368145,-146.54005858158934
S2,basic_HT0.5,13.24733468674095,-15.44765911219225,13.496333033653197,38.19734179204812,38.29043580087347,-95.96083230571408
S2,basic_HT0.75,5.007879954394028,76.86655350385944,41.076510335272566,180.5431864292718,8.930206086047354,-36.29419322263617
S2,basic_HX,-349.0969964529126,1068.2126107997012,72.26660809075746,250.66308082938812,-1615.7344300119194,2526.2338505186203
S2,basic_HZ,153.76885266526435,-7025.190160631272,-2126.4329176261344,-13209.396161836554,-437.8626804357582,-864.1377144642736
S2,basic_L125,24.352180780596896,583.1267794720446,374.82724313341816,1584.213177051686,-161.47823286751924,-133.01032904849814
S2,basic_L30,5.844557458788931,139.9500909635806,89.95845743346004,380.21067856310805,-38.75463029904116,-31.9227210183494
S2,basic_L40,7.792609341967998,186.60068524857317,119.94468796663632,506.9479697500351,-51.67356515212004,-42.56264459300158
S2,basic_L75patch,11.807564645004778,242.07174803665873,158.47088155875824,683.6941997427613,-41.95469551913345,-68.5451434384192
S2,basic_P200,-0.29058250752874526,6.157772087864464,2.774417093234422,11.937205129941612,-3.6662361866231485,2.2984215272067923
S2,basic_R20,14.418541951157408,583.0801450195697,204.9378561235713,1089.4992807413046,170.24485057762652,-132.46055814267402
S2,basic_U20,-14.418541951157408,-583.0801450195697,-204.9378561235713,-1089.4992807413046,-170.24485057762652,132.46055814267402
N2,service40,-102.77907216201714,12349.32703155597,-90.80057913175729,-4364.158619309559,806.1281939287987,4334.4088932572595
N2,service_patches,-126.43193772068747,13884.352844688772,-105.54208735351678,-4999.565995677008,875.9878053928703,5298.51949902694
N2,typical30,-88.31340783730018,8054.28129770111,-67.7984784956984,-3165.0638322065024,662.2494305456958,3703.096764132769
N2,storage125_sensitivity,-265.67066373579866,20430.45324128947,-161.45828746789425,-7577.421063493122,2128.2005844727605,11012.758839916129
N2,live_only,-76.65486855217192,3802.883425220793,-33.2507001504403,-1512.1243574354867,622.1519081158589,3142.7531465505685
N2,machine200,-109.36247893427152,9069.49935942885,-76.58776358417872,-3565.9349497754697,837.9303425478641,4564.967407088975
N2,uplift20_sensitivity,-23.191390840256734,-223.0551111517482,-11.026813755856526,-397.5166935247408,129.03941305627924,961.993625568395
N2,strength_screen,-195.13006386818617,16455.36000200818,-135.56479339525973,-6283.747449652784,1336.1519017763678,8109.033022623431
N2,HB0.25,-118.39205030771171,9215.871741909517,-77.48988517310518,-3601.874458352752,970.2962621529615,4943.223110067081
N2,HB0.5,-126.34303001231608,9474.217413067649,-79.17687772062618,-3678.3247719872734,1020.7048608744052,5250.113251689382
N2,HB0.75,-124.56306072514037,9745.593119214904,-80.66959460456764,-3747.0910567902924,969.8156330349224,5164.967793949927
N2,HT0.25,-107.49223081909541,9127.937301167769,-77.89780437238231,-3647.041900451562,821.4677261072593,4506.720716877014
N2,HT0.5,-107.31777983646236,9225.061913560956,-78.66334498597983,-3688.018805782302,832.9950657265975,4494.043461297238
N2,HT0.75,-107.13419857845544,9321.595340442285,-79.43592081015868,-3729.202418627553,839.5814938189927,4481.04377505556
N2,storage125_strength_sensitivity,-417.9120254519825,26929.12286428529,-225.03078177789894,-10408.319812618683,3339.692753966366,17251.8161387336
N2,strength_roof,-129.7775635966444,16931.373790120095,-122.92789801642792,-5898.40232220679,908.1201236032774,5475.100982728338
N2,strength_HB0.25,-212.59393982673026,16792.75256527282,-137.77080499312314,-6377.797290741266,1580.1660534998725,8836.13356338178
N2,strength_HB0.5,-225.3154974283011,17206.10525153366,-140.46998896846674,-6500.117594095581,1660.8192141189722,9327.15677839867
N2,strength_HB0.75,-222.46755869536398,17640.305640592076,-142.85830388147696,-6610.141577585591,1579.396954141513,9190.925184656493
N2,strength_HT0.25,-195.15422591373786,16652.056152442205,-138.42343786142777,-6450.062852940627,1342.0400116337903,8137.72936156844
N2,strength_HT0.5,-194.87511976984445,16807.45519722809,-139.6482805413486,-6515.624421387567,1360.4845045066995,8117.447246681166
N2,strength_HT0.75,-194.58137379137753,16961.90893667347,-140.88442218309174,-6581.5195617626,1371.0219959799456,8096.64619467971
N2,lateral_HX,-14.520521511999577,3858.531226504453,-25.710111732035866,-1247.4296946368206,1187.2918030018095,1691.4403993398053
N2,strength_lateral_HX_1,-114.97067645749155,9866.224309040912,-78.00895540876583,-3613.3621733451596,1883.3796133804076,5818.300554720728
N2,strength_lateral_HX_-1,-87.35374997721834,8846.996164628663,-69.655030311659,-3302.5073518583554,-450.4466655717676,2635.3744163202246
N2,strength_lateral_HX_2,-128.77912824667763,10375.836999551584,-82.18588461530824,-3768.7875701925714,3050.291898865014,7409.762387595544
N2,strength_lateral_HX_-2,-73.5452951617153,8337.382438804476,-65.47807181755695,-3147.0801456990694,-1617.3593007876111,1043.9122032017908
N2,lateral_HZ,3.259507154560839,5042.000987856542,-74.21074959716162,-4420.110021296938,115.42018405583262,-163.731749271821
N2,strength_lateral_HZ_1,-97.19065198931584,11049.69367080464,-126.50957777230879,-6786.041508842853,811.5081427192462,3963.128788981261
N2,strength_lateral_HZ_-1,-105.13377184777276,7663.525588624624,-21.154372829076284,-129.8258406925789,621.4244457845532,4490.545830392285
N2,strength_lateral_HZ_2,-93.21908438182622,12742.777830033125,-179.187189835271,-10114.149985373639,906.5496086565454,3699.419520502457
N2,strength_lateral_HZ_-2,-109.10533468097655,5970.441114075604,31.52324517200862,3198.2829788216536,526.3826703075023,4754.254603179972
N2,basic_Dfloor,-22.996460466700015,1140.865030170997,-9.975210201939472,-453.63731758173896,186.64556771256787,942.8259344151872
N2,basic_Droof,1.7717281177112365,1284.7555942447227,-6.826106048585263,-384.67857408697495,-5.7891222373854285,-53.118296862663684
N2,basic_Dsteel,-2.483786477398553,2064.1621908209663,-14.707062373922476,-707.324909454887,26.167905769146284,153.09568502957828
N2,basic_Dwall,-7.113732961823878,712.3358833850102,-11.352077438729793,-485.32995680326746,-11.389099813513594,303.22812329859494
N2,basic_HB0.25,-10.914924847889727,210.8705439114012,-1.3787612680803127,-58.7813877406342,152.50900476718968,454.4380869230095
N2,basic_HB0.5,-18.865910899006845,469.2161086732369,-3.065745611662023,-135.23115310687498,202.9179163640984,761.3288448859146
N2,basic_HB0.75,-17.08594769198351,740.5920059492753,-4.558463607200452,-203.99747224089026,152.02904436678804,676.1840021384337
N2,basic_HT0.25,-0.015107296238201983,122.9358249923402,-1.7866704493851429,-103.9481937904956,3.680520047440509,17.935862999682275
N2,basic_HT0.5,0.15933431957376945,220.05940426075117,-2.552172149836574,-144.92261787728864,15.208161689063624,5.2594487062120825
N2,basic_HT0.75,0.342931258281304,316.5930238472152,-3.324766112945725,-186.10745257209803,21.793800593417135,-7.741767937177764
N2,basic_HX,-13.808459085024769,509.6138764766366,-4.176959790979715,-155.42726259010908,1166.912885934553,1591.4626448396682
N2,basic_HZ,3.9715634477564064,1693.084025498902,-52.67760474020574,-3328.1079958624946,95.04166024477551,-263.7088689523645
N2,basic_L125,-239.54645708276638,11884.010340052913,-103.90843242239241,-4725.388312168666,1944.2242679550952,9821.102848650424
N2,basic_L30,-57.49114882085972,2852.1625159120517,-24.938025516087848,-1134.0933081946766,466.61378417335266,2357.0645996131066
N2,basic_L40,-76.65486855217192,3802.883425220793,-33.2507001504403,-1512.1243574354867,622.1519081158589,3142.7531465505685
N2,basic_L75patch,-100.30773368037606,5337.908323555618,-47.99218071453164,-2147.5300110454914,692.0113284215843,4106.863637479777
N2,basic_P200,-1.8853549083335,64.49777552378818,-0.47662675199118704,-22.841064549030076,20.143088587126545,76.18249413024375
N2,basic_R20,4.69803909906575,3344.32620163094,-14.689455425264986,-821.0654793911172,-11.658250889740758,-154.374702444651
N2,basic_U20,-4.69803909906575,-3344.32620163094,14.689455425264986,821.0654793911172,11.658250889740758,154.374702444651
S3,service40,8.685719645078978,9476.578291072368,-897.7049216325795,-4945.871120428138,-9.497866203175091,-661.0219789867378
S3,service_patches,8.961990711173558,9972.858207014342,-939.4180672356531,-5176.8211117239425,-6.907167586748436,-688.5416340581547
S3,typical30,0.07900396844842901,5763.594869058492,-541.7386727252914,-2818.107642658896,-47.49807683414515,-134.95765163440933
S3,storage125_sensitivity,-2.576520238397568,13471.589139908954,-1271.6480795624755,-7062.218370047204,-182.1424811872252,-131.03250336450384
S3,live_only,-5.299922463477855,1880.0066757509821,-175.97374240664004,-995.9312132875326,-81.24490989567626,249.40941074726766
S3,machine200,-1.5124296323448545,6272.761433154536,-589.3278055508731,-3087.384859112593,-71.02499457921897,-58.28953430596718
S3,uplift20_sensitivity,-7.499075343612647,-630.8316624233207,66.1189254426357,636.0921568151426,-50.247907386702195,395.19319003514335
S3,strength_screen,1.7926311962373729,10647.857697964831,-995.9955600233548,-5387.791862138782,-80.56922950911242,-325.59603907052474
S3,HB0.25,-5.154004671442106,6290.862235116745,-588.2284153368121,-3076.835773803212,-97.99777138892071,149.43194492114313
S3,HB0.5,-5.199611739276763,6370.29760619166,-595.3462372570357,-3117.9204815806534,-100.45773886210348,148.92345327804722
S3,HB0.75,-3.558285668446267,6450.795801498348,-601.5482594562922,-3153.333576147527,-88.1250576423586,55.21550646495626
S3,HT0.25,2.422547833059438,6486.956531715162,-623.6736120777591,-3298.350135745637,-59.6839106932793,-297.77992975311173
S3,HT0.5,0.7998536814429148,6657.445561798395,-632.3449649368042,-3338.385823514013,-71.04190175412892,-199.75203506004758
S3,HT0.75,-1.1346389638995882,6828.726144021124,-640.8412213562783,-3376.5787817088567,-78.54707831713608,-93.372103411589
S3,storage125_strength_sensitivity,-16.669080683634242,16245.834802944635,-1527.5660187042718,-8404.44292298615,-360.9465455940077,566.4240459123513
S3,strength_roof,15.731625084410238,12789.372515249477,-1208.5557246341307,-6718.33584839025,30.765334991774246,-1105.9845874311984
S3,strength_HB0.25,-4.460210664249705,10739.487335565918,-999.9911271650789,-5403.393776420772,-128.87075702234063,29.663391150999907
S3,strength_HB0.5,-4.5330451751437035,10866.583359274295,-1011.3795187994449,-5469.12861865051,-132.80553556513118,28.84189315275766
S3,strength_HB0.75,-1.9070385634931968,10995.377026877177,-1021.3015783008569,-5525.782009880125,-113.07422462453468,-121.08417575976578
S3,strength_HT0.25,7.662362138905085,11053.233954960835,-1056.7020949309888,-5757.808249384136,-67.56781673533402,-685.8807537700457
S3,strength_HT0.5,5.065879676953049,11326.014087392196,-1070.5754259131006,-5821.859928362887,-85.74206603674045,-529.0261944598283
S3,strength_HT0.75,1.970873232400879,11600.065108034492,-1084.1702003306652,-5882.973648077374,-97.74879906026867,-358.8288087953956
S3,lateral_HX,-91.64834341324459,3678.965622119841,-366.38293786354785,-1785.4247557548108,-634.563417118388,5282.089958044905
S3,strength_lateral_HX_1,-95.58447128646733,6736.955427965062,-648.1815847923158,-3327.178388536035,-708.3046308514979,5435.555945715019
S3,strength_lateral_HX_-1,98.58873427554003,6196.049193043534,-556.5315593985844,-2905.042989120596,609.963142377271,-5812.935876055811
S3,strength_lateral_HX_2,-192.67087717000084,7007.4046942810455,-694.0054318615565,-3538.238811060083,-1367.4368327915022,11059.79046253571
S3,strength_lateral_HX_-2,195.67522087072044,5925.596624263456,-510.70667224932095,-2693.9760071205624,1269.0960373424123,-11437.175068326935
S3,lateral_HZ,-16.708002291291596,9282.05933140086,-2248.045470738687,-13827.254003354363,-172.27523807593693,954.2224792351
S3,strength_lateral_HZ_1,-20.644163890885114,12340.047454425187,-2529.8435535460653,-15369.004024603775,-246.01673788872995,1107.6904124724772
S3,strength_lateral_HZ_-1,23.64850998711164,592.9532172352241,1325.1316591188374,9136.790538394149,147.67596345714,-1485.0751584055718
S3,strength_lateral_HZ_2,-42.79041314363473,18213.595556258002,-4457.33152066253,-27621.90366183006,-442.86234121728575,2404.0681307338086
S3,strength_lateral_HZ_-2,45.79483037904824,-5280.595602151904,3252.6198275780903,21389.691406818933,344.5221749320064,-2781.4569916962478
S3,basic_Dfloor,-1.58997565716731,564.0020191096311,-52.79212855990202,-298.77940187080407,-24.373463760537202,74.82276071687552
S3,basic_Droof,4.74584882632054,1618.8169372724087,-157.01808797324833,-950.2315952924802,27.90484699017425,-281.4391527216185
S3,basic_Dsteel,0.6923826225500682,1789.6977162626492,-163.54052502881413,-624.1298163516304,-3.3346182362365684,-60.71518025362223
S3,basic_Dwall,0.20574708737306163,381.0734361669836,-36.407730944759635,-198.01913681853983,13.239327015917254,-54.68643578091498
S3,basic_HB0.25,-3.9080629711507977,57.268999034661775,-2.4973676755253984,-9.752049949909972,-30.188769372541973,222.03927327296498
S3,basic_HB0.5,-3.953741930803831,136.7035259498146,-9.614881428649722,-50.834747634973034,-32.649349110094036,221.53493575227805
S3,basic_HB0.75,-2.3124974911232052,217.20191443241626,-15.816929251886888,-86.24794847487898,-20.317365117209278,127.83170927095064
S3,basic_HT0.25,3.6684779804192273,253.36219936570166,-37.94220166899459,-231.26409660695577,8.124993866123827,-225.17193632154516
S3,basic_HT0.5,2.0457149478962555,423.8469917415383,-46.61214119312396,-271.2907468898016,-3.233579712834652,-127.14007063645522
S3,basic_HT0.75,0.1114032990129621,595.1294218370543,-55.10908286644779,-309.48818942223414,-10.737213637878996,-20.77059871588486
S3,basic_HX,-97.08654438908202,270.4527623589052,-45.824923698533006,-211.06717424428987,-659.1333880630945,5624.2425340314285
S3,basic_HZ,-22.14629377213968,5873.54733201738,-1927.4876956587948,-12252.897879645856,-196.84598239780846,1296.380290185417
S3,basic_L125,-16.562155680477705,5875.020161621574,-549.9177633148768,-3112.2839565795507,-253.8894711784793,779.3985079743583
S3,basic_L30,-3.974908196946955,1410.0050224703489,-131.98032727664807,-746.9485635329186,-60.93339499884889,187.05511240427109
S3,basic_L40,-5.299922463477855,1880.0066757509821,-175.97374240664004,-995.9312132875326,-81.24490989567626,249.40941074726766
S3,basic_L75patch,-5.023607143345281,2376.283499411857,-217.6858999428019,-1226.8749506779109,-78.6538296611759,221.8871886660764
S3,basic_P200,-0.2664886363098539,39.16677006315725,-3.5962922409544786,-20.298172971683517,-3.2159965207273262,14.317830764877044
S3,basic_R20,9.931474524993062,3242.9852377927314,-311.973848020992,-1878.7871016629636,58.309541502175705,-588.4038489956049
S3,basic_U20,-9.931474524993062,-3242.9852377927314,311.973848020992,1878.7871016629636,-58.309541502175705,588.4038489956049
SW0,service40,15.737064783718179,-1350.1008901154935,62.48757982867172,2698.8676604360644,287.5339890244502,-633.6350395613073
SW0,service_patches,15.801466345150178,-1349.4987442617582,62.93482220667758,2725.5269243163243,297.5370619056887,-637.5432059696014
SW0,typical30,15.939689226239004,-830.8499846779877,33.435344929901994,1487.6718078887566,167.09759564390012,-635.6378322718087
SW0,storage125_sensitivity,17.36846680898256,-2358.321795395374,84.17264445877767,3786.3989837026506,302.65198659899636,-702.3672476798637
SW0,live_only,0.767721464420593,-474.4568414243325,10.204736376497609,511.7794645959572,7.113920863824908,-32.34465080959718
SW0,machine200,16.147268904337082,-959.7064720311292,36.21061043095034,1626.9045437523785,167.6761668286852,-644.2050684046438
SW0,uplift20_sensitivity,9.612883684978636,115.63173813256189,-11.031978865657134,-420.94900324185863,-21.59824255919199,-376.9164153199711
SW0,strength_screen,19.570800036920133,-1528.494392172325,61.23184494493324,2727.7323165138214,280.8297172434839,-786.6152302136035
SW0,HB0.25,16.218721839042555,-961.5493116492459,37.58485889752259,1709.918725501494,135.58012280822044,-642.4262895609992
SW0,HB0.5,16.2359207014798,-960.6389939258079,37.10256637076269,1680.787424358825,136.46707435412972,-643.6998993714886
SW0,HB0.75,16.201692770197386,-958.8880357806257,36.51837627436217,1645.7831521142896,150.75116479096178,-644.2446250337383
SW0,HT0.25,16.453251797384993,-1260.3523905909515,40.35161755086153,1810.8041671381316,219.5839445653403,-664.536648314158
SW0,HT0.5,16.269890226649913,-1153.7780910801346,38.877416176140684,1745.0006573732137,205.77665738633607,-654.346199902081
SW0,HT0.75,16.256227234712135,-1049.8536631558218,37.403909299682255,1679.0092937915915,186.90700500757023,-650.4450134170315
SW0,storage125_strength_sensitivity,22.07801208092227,-3142.6113585675685,95.2123579577217,4425.127444166837,289.01264192315165,-890.3341413525594
SW0,strength_roof,18.637525627960503,-1684.8820783872172,83.99181072162116,3596.2449685272654,401.08256930522913,-753.7660963265295
SW0,strength_HB0.25,19.71016910566632,-1547.830797237987,63.78916978982983,2878.615377502701,227.55616890372855,-784.5391874535052
SW0,strength_HB0.5,19.737683718845748,-1546.374652819594,63.017498811512525,2832.005038775347,228.97655768472075,-786.5769779746737
SW0,strength_HB0.75,19.68291722255726,-1543.5726313129235,62.082799629133476,2775.9986061841632,251.8300811030381,-787.4482792509219
SW0,strength_HT0.25,20.085409966392877,-2025.9157792286394,68.21598421131574,3040.0321026496777,361.9631494689576,-819.9155264598586
SW0,strength_HT0.5,19.79203222171049,-1855.3963025916548,65.85726761968972,2934.746953219647,339.86993349341475,-803.6105992488013
SW0,strength_HT0.75,19.770170180238967,-1689.1178332084241,63.49965091008801,2829.1602951912014,309.6801404766308,-797.3689000251927
SW0,lateral_HX,16.70496373546874,-62.77364837480516,25.045004988962802,1154.482730103613,-808.9534456340225,-519.5552119924602
SW0,strength_lateral_HX_1,20.471545498768307,-578.4969343367704,39.87849894552261,1866.9090753214275,-766.2351261675346,-671.5764293120598
SW0,strength_lateral_HX_-1,16.406169635398626,-871.6388702535635,31.603614695172983,1297.8174645055717,1107.6969254220699,-790.1500281188496
SW0,strength_lateral_HX_2,22.504224585749583,-431.9263488687779,44.01593879612918,2151.454656492782,-1703.199295035467,-612.2894606924439
SW0,strength_lateral_HX_-2,14.373484810847465,-1018.2095324937741,27.466175008038192,1013.2718732913005,2044.6618748680492,-849.436818679327
SW0,lateral_HZ,22.33372318528612,-422.4586736951461,17.640948084054948,632.1672936101405,-141.85918662707124,-940.8829747772011
SW0,strength_lateral_HZ_1,26.100303594970168,-938.181785233239,32.474443925782865,1344.593788918932,-99.14115882570064,-1092.9040735785413
SW0,strength_lateral_HZ_-1,10.777404960086718,-511.95407287347786,39.0076702344688,1820.1327667867035,440.6037680211332,-368.8221660160408
SW0,strength_lateral_HZ_2,33.76175227840467,-1151.2959371596473,29.207828033197572,1106.8240713309192,-369.0128257023577,-1454.9451219460545
SW0,strength_lateral_HZ_-2,3.115953906897046,-298.8400905721887,42.27428487255413,2057.902371060765,710.4760981917515,-6.7810989478396815
SW0,basic_Dfloor,0.2303164367131981,-142.33705626860484,3.0614208764820465,153.53383635776862,2.1341860405368327,-9.703396678778729
SW0,basic_Droof,-0.293057581040844,-150.10922784135641,13.616724915356821,553.2141951419583,57.707851927791395,10.056015806276118
SW0,basic_Dsteel,14.96533660313953,-59.235408686908784,7.290837248712716,316.722685015051,70.30444685756349,-588.8981522228771
SW0,basic_Dwall,0.4613017744054547,-123.32583484194397,1.8128080807101923,80.36636318536182,31.61619299149113,-22.833847884139935
SW0,basic_HB0.25,0.08710702209412115,-12.085170302980568,1.5983286100460412,94.30196673323053,-33.296312092241514,1.297510482125367
SW0,basic_HB0.5,0.1043063581911538,-11.174608487129307,1.1160383468055066,65.17085449196297,-32.4100132221477,0.02398065705088593
SW0,basic_HB0.75,0.070080374759356,-9.42342652313433,0.5318500920168789,30.16674227971056,-18.12667680511156,-0.520726807644625
SW0,basic_HT0.25,0.3216358804778516,-310.8881654145457,4.36508824117435,195.1874845580905,50.70741561436825,-20.812774956621748
SW0,basic_HT0.5,0.13827056368994672,-204.3134726597935,2.890891221646173,129.38431909000283,36.899541709660625,-10.62203388247841
SW0,basic_HT0.75,0.12460604087886586,-100.38964664969814,1.4173788135293939,63.39249248686914,18.031535566331062,-6.721031242209116
SW0,basic_HX,2.032686272818009,146.5708179867731,4.1374409497320235,284.5457014910687,-936.9654839619924,59.286799976817726
SW0,basic_HZ,7.661448673664879,-213.11398921904637,-3.266614329530189,-237.76958859840755,-269.87206824747597,-362.0409832778925
SW0,basic_L125,2.399126579582295,-1482.6778881199812,31.889799164338342,1599.310648463538,22.231950165673943,-101.0770275372052
SW0,basic_L30,0.5757904118494989,-355.84272781735734,7.653551461222629,383.83452785397924,5.335750391976052,-24.25850158200462
SW0,basic_L40,0.767721464420593,-474.4568414243325,10.204736376497609,511.7794645959572,7.113920863824908,-32.34465080959718
SW0,basic_L75patch,0.8321183117033409,-473.8546780824711,10.65197965971914,538.4387839118857,17.117436140151295,-36.25263891842268
SW0,basic_P200,0.01565235552516809,-10.242262476222054,0.22408106608088496,11.287854123379688,-1.2002585317432888,-0.4811782135447498
SW0,basic_R20,-0.39454589168529375,-400.63622475136094,26.501053911417113,1083.2512796188887,118.65583131159131,10.088818551310744
SW0,basic_U20,0.39454589168529375,400.63622475136094,-26.501053911417113,-1083.2512796188887,-118.65583131159131,-10.088818551310744
N1 / U-W,service40,-318.86242647452514,2801.162896929817,-40.66638024363524,-5623.673936621824,-158.74646654345815,2579.9602438436764
N1 / U-W,service_patches,-315.9184164135854,3210.4426224698095,-49.99889396033394,-5792.754983681835,-89.67776551829856,2593.832801830257
N1 / U-W,typical30,-191.24946490710028,2247.5501147338246,-34.25224087819385,-3878.7862507719046,79.73057081154299,1657.3637214635717
N1 / U-W,storage125_sensitivity,-441.5609286752854,5017.542729807263,-92.64946532253208,-10044.163743503495,714.5434709324873,4565.292779330895
N1 / U-W,live_only,-57.740689166904765,1043.003243644198,-24.462640055562414,-2080.23285917014,410.95970046074905,934.275774706005
N1 / U-W,machine200,-206.8006672776553,2520.5013007387693,-40.806292561252306,-4458.256920582604,196.70908630399015,1919.3816529578448
N1 / U-W,uplift20_sensitivity,24.412896098859196,586.3100396394836,-9.244607588038118,-166.32253572488605,204.1254344327499,-115.04440981975493
N1 / U-W,strength_screen,-321.7970163922867,4228.444078673264,-73.30782956460658,-6993.657775201646,323.24894182191457,3009.5445441695742
N1 / U-W,HB0.25,-222.48278727219585,2645.320761885843,-43.282298969218154,-4818.009294607863,289.1560445643951,2139.761869183133
N1 / U-W,HB0.5,-212.7888819332961,2624.655318703471,-44.81939646283346,-4909.242586267972,338.37291795086765,2145.0073163305697
N1 / U-W,HB0.75,-196.3432239031917,2540.9054797707354,-43.990868854798094,-4711.548554513875,331.16054772167786,2009.5893627250352
N1 / U-W,HT0.25,-238.58383873893837,2606.8294073958828,-40.02617381682266,-4798.246609102056,111.25525724420837,2106.206788854227
N1 / U-W,HT0.5,-225.82189981183726,2571.9081145535483,-40.410060482350104,-4680.028129014246,146.1376183312553,2034.6544461817853
N1 / U-W,HT0.75,-213.84507627154952,2537.7141897950623,-40.72152295345814,-4557.622254313618,177.2844284914081,1962.9225585688882
N1 / U-W,storage125_strength_sensitivity,-522.825284229237,7119.805334470594,-141.54876591543947,-13795.91537982939,1610.0027455943516,6163.882509602124
N1 / U-W,strength_roof,-413.4146561505442,3679.222795179256,-53.3590782783265,-6991.383672199532,-340.10671060813036,3198.58661760331
N1 / U-W,strength_HB0.25,-348.6738165236791,4447.674725470371,-77.97086291515765,-7664.319862761545,493.9462639751803,3407.6696041673736
N1 / U-W,strength_HB0.5,-333.1626987995737,4414.60612306789,-80.43018042531652,-7810.284574286017,572.6944736769519,3416.0558955711194
N1 / U-W,strength_HB0.75,-306.8505683822695,4280.610527249034,-79.10457098308542,-7493.982576806137,561.1533001518288,3199.393894625022
N1 / U-W,strength_HT0.25,-374.4351241189378,4386.086894120577,-72.76104005555838,-7632.695259675885,209.30543372378813,3353.978615473552
N1 / U-W,strength_HT0.5,-354.01726112320546,4330.218387546855,-73.37530883651338,-7443.557402290658,265.1154086199572,3239.503952244174
N1 / U-W,strength_HT0.75,-334.8530497116009,4275.502302818202,-73.87359597296202,-7247.695726314343,314.95217900045515,3124.7234397502307
N1 / U-W,lateral_HX,-1589.602668117301,7494.926555922074,-68.45817600775909,-16911.481372613904,-2757.8948692962995,11183.80197933886
N1 / U-W,strength_lateral_HX_1,-1667.6844213690574,9124.651304950421,-103.02201930657648,-19467.09905679542,-2341.0984510588764,12245.643089639869
N1 / U-W,strength_lateral_HX_-1,1278.6782385887695,-4090.8201234505677,26.207797024194058,11292.905546040807,2542.3826726175644,-8985.092719155096
N1 / U-W,strength_lateral_HX_2,-3140.864648090126,15732.382089492743,-167.63687397194474,-34847.09002259705,-4782.837544867045,22861.002773273212
N1 / U-W,strength_lateral_HX_-2,2751.858833579907,-10698.552546523635,90.82267259227162,26672.900607868105,4984.1222090164265,-19600.455193477144
N1 / U-W,lateral_HZ,29.54620582092421,212.48646421301697,-6.53680905473659,-1043.267731545199,31.85600853538412,-366.2277757219228
N1 / U-W,strength_lateral_HZ_1,-48.53585060385241,1842.2125777655087,-41.100662940526355,-3598.888108977076,448.6519597204211,695.6155321134049
N1 / U-W,strength_lateral_HZ_-1,-340.4699796443454,3191.6170381093975,-35.71353815579908,-4575.301360168834,-247.36733257282555,2564.9321495946724
N1 / U-W,strength_lateral_HZ_2,97.43183659023664,1167.5075534662278,-43.79419987752042,-3110.6755709529825,796.6625070923361,-239.04734588615605
N1 / U-W,strength_lateral_HZ_-2,-486.4372354833987,3866.320131794836,-33.019981476566485,-5063.509586469003,-595.3772880718979,3499.5918304733395
N1 / U-W,basic_Dfloor,-17.322198852835463,312.9009376454925,-7.338791699919571,-624.0697833734492,123.28792165135152,280.2826745449279
N1 / U-W,basic_Droof,-51.54615154247397,135.95201277566645,0.006224080996397646,-574.4144917706924,-145.3912549617359,315.98097103562606
N1 / U-W,basic_Dsteel,-64.87526482479903,751.2391718053111,-3.8494985382006206,-957.0656725219702,-170.76311284168426,252.4537292966035
N1 / U-W,basic_Dwall,-14.19994658544975,265.2038283784123,-4.723178356615587,-163.0579371845692,-35.62220695726013,107.93667433160792
N1 / U-W,basic_HB0.25,-16.79821814481465,137.02012975881442,-2.9144059925260586,-419.1660016520986,106.6855297977071,248.82978116007723
N1 / U-W,basic_HB0.5,-7.104825401796005,116.35698621262908,-4.451524375687949,-510.4041532202268,155.90165946506715,254.07898767733008
N1 / U-W,basic_HB0.75,9.340306595378534,32.60950372309569,-3.6230198142178107,-312.7152739079536,148.6885513249382,118.66491734170046
N1 / U-W,basic_HT0.25,-32.89939890960865,98.52935856335782,0.34171521505433056,-399.40440620867736,-71.21546556342592,215.27562945685165
N1 / U-W,basic_HT0.5,-20.138118073256358,63.6110296180184,-0.04219353266858102,-281.19168014121,-36.334132421849745,143.72804225958967
N1 / U-W,basic_HT0.75,-8.160017831544131,29.411377254128762,-0.353603565422436,-158.77365827588685,-5.185477490540993,71.98678313613962
N1 / U-W,basic_HX,-1473.1809644570887,6607.734077721959,-64.61489182846624,-15379.99868811801,-2441.7400539000173,10615.365201870696
N1 / U-W,basic_HZ,145.96735789562305,-674.7035456687677,-2.6935500218157182,488.20944985960136,348.0100650053662,-934.6604672581111
N1 / U-W,basic_L125,-180.43901899721462,3259.3822945983507,-76.44572164784131,-6500.72139445723,1284.249942541049,2919.607099101084
N1 / U-W,basic_L30,-43.30529549640256,782.2514405314894,-18.34697048409195,-1560.1724903788356,308.2200878957402,700.7051986244267
N1 / U-W,basic_L40,-57.740689166904765,1043.003243644198,-24.462640055562414,-2080.23285917014,410.95970046074905,934.275774706005
N1 / U-W,basic_L75patch,-54.796539482185125,1452.2823544648888,-33.79514308116874,-2249.3120695345438,480.0285263454122,948.1472327554823
N1 / U-W,basic_P200,-1.116172395866335,12.20100608254861,-0.4384006401107882,-59.41412941716511,14.23843287941886,28.45007916792365
N1 / U-W,basic_R20,-113.17907381551998,292.86771451086634,-0.29854013698521537,-1224.8425149247753,-341.21869518811695,689.0371276462832
N1 / U-W,basic_U20,113.17907381551998,-292.86771451086634,0.29854013698521537,1224.8425149247753,341.21869518811695,-689.0371276462832
