case,group,Ncomp,Ntension,M,V,T,ratio
service occupied,B3,159.72066808631644,0.0,89631.21412594462,1749.3435260009344,11920.727757230285,0.09371339866142465
service occupied,W1,1879.7236053473525,0.0,23839.10663531774,280.1024010585241,514.4279494859857,0.1518859660084738
service occupied,S2,4230.781912032892,0.0,16468.71529201301,300.54303666803804,810.5979052907029,0.1309529760169945
service occupied,W4,4040.9389528508364,0.0,8151.281765509102,66.85240615213594,510.15740613314694,0.08264952759793655
service occupied,B2,0.0,72.32716241898015,183766.68339183836,3500.5907422480486,5436.770805343886,0.19101077158379037
service occupied,T1,5898.819370837181,5867.78221192795,137684.07851717528,4592.130768276356,1369.4373894207072,0.6265780764562927
service occupied,T-W,3900.406284515465,2706.540404171962,71703.27128475618,3227.3596664739866,25330.80749586353,0.3383083207186134
service occupied,B-WO,142.9446882121556,136.44405817671213,35024.43511691087,1571.8808686225227,3173.87181432427,0.5002701121109068
service occupied,S3,7887.6527755501975,0.0,20342.027173148985,323.7746885955715,1027.2714601486266,0.18578567376482663
service occupied,S1,99.22151249999993,0.0,0.0,0.0,0.0,0.000888942855189316
service occupied,T-S,1351.0792971280316,880.5745048515382,5281.258399121044,368.23441841591494,190.58542367903976,0.28284858053839435
service occupied,N1,3791.879282579508,0.0,6016.046980739751,87.3088852993139,640.828753932052,0.06825157855439087
service occupied,T-E,8649.795901072424,8176.273131646301,22637.932103380896,2063.329424314189,32701.25652347368,0.3204773655239893
service occupied,W2,8815.781277659895,0.0,61836.65250143773,772.5291956803728,38.30086394971944,0.4305375506295178
service occupied,O3,360.9194236866315,0.0,34390.17909517301,1943.8994490242371,1203.7766073532393,0.4704864671722331
service occupied,W3,2560.8796271556807,0.0,34161.175615796245,398.9535454535574,238.95987630859926,0.21680376960796607
service occupied,N2,11358.137159165377,0.0,31596.870584528704,414.6573311700857,335.1842321961761,0.2810085112142983
service occupied,O2,716.4591006033588,0.0,220533.39680827057,8796.41840991954,1208.7275927870035,0.5672334182196078
service occupied,T-SO,9.12120291031897,15.220218346919864,52090.616458410965,1538.6377714664084,34132.80826016795,0.11339360680257426
service occupied,T-N,5786.759889362605,4821.281094480393,9092.424976535145,3157.7753400144134,1650.5334847225154,0.3065212789488932
service storage bands,B3,219.8649053341942,0.0,177978.0692890229,3665.408788001526,14137.552197105626,0.18569508022386855
service storage bands,W1,1989.2293360388962,0.0,25193.62558271425,289.20628205103355,579.652837024017,0.16058510365045245
service storage bands,S2,4634.978500922598,0.0,18256.577074628287,336.2727005152032,901.9958191986722,0.14476149045671927
service storage bands,W4,5804.253837517739,0.0,8451.482083546874,80.71931260659184,683.5136645684923,0.10015791665828877
service storage bands,B2,0.0,93.46101849060506,237090.99748931738,5169.852088273231,6414.116078843728,0.24643750311788568
service storage bands,T1,7013.002901866546,7297.1741683877735,159780.89690269108,5627.959314296414,1406.3717133043806,0.7279926508109706
service storage bands,T-W,4800.66707408064,4305.965656680127,100034.27815309113,4727.501488076845,30124.249829095952,0.47554759999004176
service storage bands,B-WO,164.01985151984263,124.19139173591975,37690.823653061656,1671.7452531820345,3741.594539824923,0.5401868188240926
service storage bands,S3,9095.608689857485,0.0,23182.325760021376,368.5321192988253,1173.9512751799982,0.21279199924986253
service storage bands,S1,99.22151249999993,0.0,0.0,0.0,0.0,0.000888942855189316
service storage bands,T-S,1453.5998108365893,935.0301296274702,5807.574511013236,401.3667637910751,207.31559088285184,0.31188039404497003
service storage bands,N1,5189.797170962013,0.0,5346.545792200254,86.3758151356718,806.2098074475167,0.0769609474145693
service storage bands,T-E,10337.52317422429,10462.687574801785,24871.163922957123,4160.228394317562,59168.406538920295,0.5414905515211897
service storage bands,W2,10227.538220047987,0.0,73734.21776540867,917.1158438685408,53.118130929057784,0.5109781222445392
service storage bands,O3,503.4094157743966,0.0,44416.622677432155,2546.1192307148826,1269.217726595087,0.6081207027276223
service storage bands,W3,3171.431246141423,0.0,44614.1336385821,546.8753717853102,327.7831486119565,0.2818348225434706
service storage bands,N2,15465.750091008511,0.0,50980.15788273759,648.0154624936339,420.11119953795924,0.428255414157079
service storage bands,O2,847.3484736175742,0.0,254599.20239265688,10217.928004548547,356.9220355438607,0.6549282615594896
service storage bands,T-SO,9.474204952595755,8.004444242920727,56013.982123202026,1640.0696074086234,36695.471931396314,0.12178342790268948
service storage bands,T-N,8727.162561392946,7297.628277484793,12709.829820144732,4583.078742858443,2347.197802636338,0.42887843287040184
service full125,B3,287.5268622317817,0.0,216971.27004963925,4173.70536923828,21865.525163878065,0.22645690968555732
service full125,W1,2287.8507872686296,0.0,29444.958736405813,336.1789285318997,790.8972341446059,0.18748462590706336
service full125,S2,5428.043000316943,0.0,22799.772903593148,419.3227444746538,1206.2940496386273,0.17854402092828864
service full125,W4,7336.524266238475,0.0,11377.595798492432,111.0548746271362,868.9290149821974,0.13055880759405028
service full125,B2,0.0,271.43123136181384,457730.2966343615,8769.414733256646,8725.836606906503,0.47600558885002336
service full125,T1,10821.927446659944,9703.610096600203,208817.61678972002,7194.438060123743,1631.0289647236011,0.9564333847074061
service full125,T-W,6493.864699843733,5389.606964518657,157224.55712643004,6332.3174399786285,59924.78071343799,0.7040735686349404
service full125,B-WO,202.91081782410038,131.44672880426515,44400.33272732382,1947.3532148448455,4857.969556589691,0.638089496275868
service full125,S3,11401.319480796856,0.0,29730.442731781444,472.9721204797954,1612.4171910230077,0.27076047263382996
service full125,S1,99.22151249999993,0.0,0.0,0.0,0.0,0.000888942855189316
service full125,T-S,1706.7272049424064,1084.8656097562925,7070.260997575161,482.1478477364606,253.1153984794539,0.38143968257942396
service full125,N1,6386.655703024427,0.0,8460.278994384675,122.83223109069631,1120.890422337541,0.10542588151048042
service full125,T-E,13549.890212565437,14276.90489475958,29874.978024700635,4655.52615555868,75535.40426973495,0.6807575695207455
service full125,W2,12991.900408014531,0.0,95172.60330181861,1175.6884345852588,7.26520528588538,0.6579005687041095
service full125,O3,662.6672585742199,0.0,58568.34613747214,2971.254919196521,1681.9457733299373,0.801861865956794
service full125,W3,3605.6912307971998,0.0,57354.99796514346,711.5413325435119,387.56099952496305,0.35832295110079787
service full125,N2,19351.461591322288,0.0,65824.51281120996,835.6182011875001,484.9602749777426,0.5476514009237775
service full125,O2,1083.466536378488,0.0,323603.138863324,13006.785862807701,2365.5233590431003,0.8324569838864363
service full125,T-SO,9.327091769082472,0.0,66200.47538560671,1918.2220433649265,43219.048615701344,0.14331585476593287
service full125,T-N,11233.467887739225,9393.624291371147,18226.885320856734,6407.235377301471,3807.404120384672,0.5922987083032373
service patch1000,B3,165.3043719357811,0.0,92537.58125589778,1764.1375668553503,12877.612744930057,0.09675375135380927
service patch1000,W1,1870.7528515108868,0.0,23751.815159645317,278.4146088821597,538.7391993364288,0.1513082081327339
service patch1000,S2,4287.8251809490675,0.0,16666.784681769655,304.52658747848506,836.4181013542925,0.13259263713476285
service patch1000,W4,4222.852760960756,0.0,8351.501690445994,68.95989459194604,522.1701541663489,0.08542017944123612
service patch1000,B2,0.0,101.33316982211545,230231.54302883087,3974.2884121702973,5638.854784649669,0.2393344673900935
service patch1000,T1,5995.491781440815,6026.419130809044,141914.32085996956,4728.614558954664,1375.3170911271832,0.6457312890984501
service patch1000,T-W,4148.165056758767,2816.791758741689,79229.65497686123,3426.156970005422,31076.11933925068,0.36923499097401713
service patch1000,B-WO,144.20160584436962,133.42505581576552,34974.74988602364,1565.0882132073934,3253.08654772934,0.49982271318613725
service patch1000,S3,7975.901686777201,0.0,20707.725821971355,329.9298734738107,1066.1312207778808,0.18866006415406858
service patch1000,S1,99.22151249999993,0.0,0.0,0.0,0.0,0.000888942855189316
service patch1000,T-S,1341.854806880263,875.314008321875,5341.80935349099,371.49784134317696,191.2677207632353,0.28614950306657005
service patch1000,N1,3926.183209694419,0.0,6093.7493508690995,90.92288749993507,674.839863675433,0.06989757943547159
service patch1000,T-E,8799.337240382643,8572.252664999225,22855.965960000867,2079.517762815804,34128.68584046268,0.32577673171806587
service patch1000,W2,8993.19650599286,0.0,63291.117109111394,788.6018449261328,25.782073770513897,0.4404145922600428
service patch1000,O3,376.40372632205253,0.0,34334.50637611056,1945.8318985351086,1239.1907421979154,0.4699249353618141
service patch1000,W3,2562.3644370532597,0.0,35270.93931718422,413.85700387933275,237.67137997723756,0.22314051217304418
service patch1000,N2,11726.697959437315,0.0,32990.125935189135,431.72520855008423,332.7938727939888,0.2922492887038147
service patch1000,O2,730.3230872470886,0.0,224821.88032907507,8972.538168156003,809.1255605787152,0.5782635656464258
service patch1000,T-SO,9.14287975220941,13.581022969214246,51937.24162644098,1531.9921817378156,34068.71871565622,0.11314771361205574
service patch1000,T-N,6075.439023247555,5062.780568163551,9811.718065784513,3392.4891914892,1819.3514593727875,0.3186868092917038
strength floor,B3,289.1943025504006,0.0,273166.7217696589,5610.099911260571,18096.6720755246,0.2848181453529153
strength floor,W1,2057.7908241888595,0.0,25691.332580098493,285.01820357515584,685.8663628525472,0.16387726101572195
strength floor,S2,4877.2020581887255,0.0,20361.64286713663,377.4416410073154,1042.9303531571554,0.15971646190725153
strength floor,W4,8065.108252427784,0.0,8380.645108529527,84.18339763079678,876.3841245165362,0.12000967663362831
strength floor,B2,0.0,167.93261486291885,354023.1107363607,7824.919899313974,7760.577208261748,0.36805125345649436
strength floor,T1,9068.14173713619,9059.486056925665,187126.77541956957,6802.198220666909,1345.5635013696424,0.8555593120207334
strength floor,T-W,6542.137860948122,6129.907908899131,140920.83927889273,6597.290674729304,35854.60625511288,0.6652699083724505
strength floor,B-WO,178.84601569685037,104.73701088287635,39222.075257308825,1712.9670177848238,4419.609867843982,0.5635994474957663
strength floor,S3,10198.763989404732,0.0,26458.12194846573,420.2859336540787,1392.861092333495,0.24118283125827283
strength floor,S1,119.06581499999992,0.0,0.0,0.0,0.0,0.0010667314262271792
strength floor,T-S,1539.0300853897643,1026.0849384450994,6492.751091450133,445.24021204771896,218.2240442396036,0.34734177782894676
strength floor,N1,6983.568871386527,0.0,6011.4180841773405,90.57796394876596,1015.5752376549984,0.09682010739065526
strength floor,T-E,12195.856080614567,13055.15114147721,30248.640218656135,6308.252421767567,87880.36888872634,0.8063272205270489
strength floor,W2,11886.415461620165,0.0,87699.86657689384,1084.2738594469963,48.02511232551561,0.6052586053210343
strength floor,O3,672.8387500029639,0.0,58118.54652769533,3136.5630896043895,1480.9074103047735,0.795893695768694
strength floor,W3,3995.207718538684,0.0,57728.60712144422,723.9115321477562,414.3147947525639,0.36378349014257083
strength floor,N2,19715.084212013033,0.0,73191.65668188994,914.6929647142924,493.1560577932095,0.592729152941144
strength floor,O2,997.6657240171917,0.0,294630.99924484146,11845.731705062,2824.027574304003,0.757968385003824
strength floor,T-SO,10.454945606179535,0.8311680755577981,57463.72482327768,1674.6671685013264,38092.91334964099,0.12617661411656508
strength floor,T-N,12136.676940705707,10167.89522529117,17561.20187819827,6412.373169064042,3485.4340194428846,0.5598003714016735
strength roof,B3,252.92338615842164,0.0,183786.45640781944,3793.5912728266703,16532.036739478837,0.19185877094575687
strength roof,W1,2583.5677892172303,0.0,32936.88531364228,383.4738813739835,707.0785893163022,0.20987298941031823
strength roof,S2,5980.98186232383,0.0,22959.400703109608,421.1037045241953,1113.2897832109295,0.1834592511386237
strength roof,W4,6443.826922576181,0.0,11183.166509504812,105.51611460011766,798.0988802536677,0.12145311702508318
strength roof,B2,0.0,83.48056385433301,250012.49982575414,5396.265987518259,7729.470742457377,0.25983015198652354
strength roof,T1,8141.588703800317,8677.316814032372,195992.29129874878,6791.516243528735,1886.9794418879133,0.8913773326759887
strength roof,T-W,5564.7536445920405,4702.344647623388,110108.78437838354,5235.419939945866,36654.674799624496,0.5258439661675174
strength roof,B-WO,208.42142086842796,173.93792828571168,48859.4376560615,2181.2465363620445,4569.774031488094,0.6995011162288067
strength roof,S3,11405.781662908132,0.0,28808.08615426613,458.15284563866976,1430.4474739571622,0.2653868227828477
strength roof,S1,119.06581499999992,0.0,0.0,0.0,0.0,0.0010667314262271792
strength roof,T-S,1869.2600121202267,1181.0053862918285,7281.268741797001,504.968576643123,269.4114401796554,0.39184104735123815
strength roof,N1,5874.845713056355,0.0,7370.59859577366,111.71954089188254,951.4208665608469,0.09463148132481383
strength roof,T-E,12638.900069955607,12417.36143228051,32708.52385378067,4335.701637546669,62699.84397393743,0.5726404940036014
strength roof,W2,12592.573091778097,0.0,89728.54229895184,1119.5336462773566,72.42481845515094,0.6231446006528871
strength roof,O3,573.2921661431319,0.0,54064.55751548773,3042.556933869886,1560.3315944794638,0.7397218449311141
strength roof,W3,3739.6756702630505,0.0,51819.99644671525,626.7013259430748,385.6981808914821,0.3278268366126593
strength roof,N2,18123.207512156372,0.0,55339.05854007904,711.8455330213034,514.8888928367684,0.4767430456991729
strength roof,O2,1036.534841564484,0.0,314763.74760692683,12598.5484103169,839.7356821323057,0.8096542985138364
strength roof,T-SO,11.894651885842904,14.121172582730651,73081.92873431463,2143.525631136691,47621.01275585684,0.15817566243955566
strength roof,T-N,9687.901894885188,8090.646333669167,14167.90090122085,5066.548313815888,2539.364415752377,0.4956659633287621
uplift sensitivity,B3,18.248783998998988,0.0,25450.091679974816,511.9079735136643,949.5475792735874,0.026500866027101586
uplift sensitivity,W1,317.5937026180775,0.0,2726.7777335621267,26.36097012504232,82.30274198207191,0.01767141821449933
uplift sensitivity,S2,387.01748426375616,0.0,2581.67695946868,46.325413429217456,124.79893090635987,0.01746661295852356
uplift sensitivity,W4,752.492429657638,0.0,435.78903816333127,3.3467096538559233,74.12384522374995,0.009028515508235017
uplift sensitivity,B2,0.0,13.027141908038175,38887.54173930883,798.6226042811535,1157.166040877975,0.0404147103174982
uplift sensitivity,T1,1211.8142820725386,871.812789997842,18646.495588981434,626.8310559832363,165.7193273998087,0.08623499362232988
uplift sensitivity,T-W,483.8232101307692,641.2910937633432,11496.60448968889,472.39801868884365,3641.2111065590284,0.04724964529480251
uplift sensitivity,B-WO,6.763559420713136,19.476697935780976,3861.302532235321,177.27504661008817,418.3569768548242,0.053536447405881836
uplift sensitivity,S3,548.7452045584362,0.0,2452.825499904575,38.17266397699141,135.56925929613496,0.018684366075275398
uplift sensitivity,S1,89.29936124999998,0.0,0.0,0.0,0.0,0.0008000485696703848
uplift sensitivity,T-S,426.7286207544712,344.4295538632741,1154.8716292708739,86.85445079257319,35.40378522039919,0.0544081430239006
uplift sensitivity,N1,1233.0706040981408,0.0,324.5061973882898,3.7682247495634926,59.16820000986173,0.012896333005775638
uplift sensitivity,T-E,789.0026780266764,793.6631955339333,5149.199267519432,727.2700702764358,5761.116486577147,0.057894142736537466
uplift sensitivity,W2,1302.966961654782,0.0,8565.073285880311,108.98424859956349,25.84941189335384,0.05976619061834473
uplift sensitivity,O3,49.95251306706996,0.0,4053.5607744701497,176.33320968184597,111.70141518788591,0.05554840497271271
uplift sensitivity,W3,433.0567091880358,0.0,4390.782745126153,53.75048998083869,50.020248555813765,0.02818738148833055
uplift sensitivity,N2,1420.9987734162,0.0,6990.453743097936,83.36048486914981,36.75918995078136,0.05185146710204887
uplift sensitivity,O2,100.94527730176924,0.0,28378.791576663534,1158.3838485820486,191.52436660510764,0.07302516123293931
uplift sensitivity,T-SO,5.818883926229319,17.997260684074718,10948.245184766707,240.5134352444852,3609.057101916509,0.0184841516176631
uplift sensitivity,T-N,928.7548651225076,692.715786494311,3445.879425672654,466.83262674937407,179.64347418217633,0.1580096243607817
lateral X sensitivity,B3,295.975766364485,0.0,86050.41028164247,1923.0399844158526,10531.819069087638,0.09053963173129487
lateral X sensitivity,W1,1231.3671271488531,0.0,25668.680517475994,292.77580362393735,1276.2338172721825,0.15729232094545856
lateral X sensitivity,S2,2988.319880131035,0.0,36927.19064838894,628.6158724133666,2107.823079937852,0.23718422231145356
lateral X sensitivity,W4,3068.9003709863,0.0,27750.599052176258,323.80982018893036,549.835264853393,0.1856178857953967
lateral X sensitivity,B2,0.0,261.9521214645356,178271.41409846238,3545.286385741435,4487.221927275533,0.18578540269679417
lateral X sensitivity,T1,4251.078194334701,4468.625155546618,103288.27847535093,3391.6788295826304,1215.396358197322,0.48211852851076764
lateral X sensitivity,T-W,2528.640579917016,2568.782162340629,81852.68762928346,3173.6583119335723,18920.427766633373,0.33764578075507934
lateral X sensitivity,B-WO,399.2584658268461,0.0,23142.378516943874,1005.096898630737,3009.35806366877,0.36704151027769166
lateral X sensitivity,S3,5948.378715310181,0.0,43391.97840061014,728.1734276226886,2811.517275869118,0.30054030370931745
lateral X sensitivity,S1,99.22151249999993,0.0,0.0,0.0,0.0,0.000888942855189316
lateral X sensitivity,T-S,1854.823781498766,966.5626965228003,9422.505769956473,628.8096358883537,204.99667454129366,0.5253195619602785
lateral X sensitivity,N1,3520.152625422825,0.0,28799.53144993499,410.8505084888679,371.8820769379384,0.195637556313635
lateral X sensitivity,T-E,6933.0218585359635,6290.365258641732,24945.40322859376,2264.433865354606,61234.34725073965,0.5276449742126837
lateral X sensitivity,W2,5108.43849583256,0.0,32925.54524969027,278.8235291762952,450.58163599606587,0.23337733689242093
lateral X sensitivity,O3,0.0,183.96074336743914,24630.70432916736,880.9125409617905,1030.092000924489,0.33591235285735016
lateral X sensitivity,W3,1371.0838040947792,0.0,25635.35844436148,170.48613783750196,1.1668575315975322,0.1583541976871542
lateral X sensitivity,N2,9477.650540080382,0.0,55637.096814238575,970.9145432794919,352.5014781370823,0.40114224928732584
lateral X sensitivity,O2,0.0,432.3501051720232,160500.9695858639,5029.168706973842,366.91329965594576,0.4124634372782774
lateral X sensitivity,T-SO,8.812007255852222,114.10496355360374,43896.990774985905,1003.8326647513853,21809.959693143992,0.07423517843192272
lateral X sensitivity,T-N,4943.551723428641,4488.721131567843,10612.105904076125,2201.392741667638,1965.2886308468344,0.40092521317473684
lateral Y sensitivity,B3,149.99338156399608,0.0,93575.91761669784,1725.977677713672,18454.911686766747,0.09777078361192489
lateral Y sensitivity,W1,766.0972971002044,0.0,33790.32566661494,513.6972563872755,140.72044666660994,0.19940106763598026
lateral Y sensitivity,S2,0.0,474.12645743893694,56125.1360549809,884.4993846381183,24.20544230197926,0.32234621518729445
lateral Y sensitivity,W4,4472.913044589613,0.0,25483.316639977103,431.600969048845,1040.6849211902156,0.185277692383977
lateral Y sensitivity,B2,116.22624041861854,0.0,186012.1647979128,3453.004720274932,1632.6681934643047,0.1935885914335782
lateral Y sensitivity,T1,4564.938749626669,3862.933788474394,86438.82190898301,2866.3990063375772,1718.5063211676775,0.3976224880744039
lateral Y sensitivity,T-W,2519.9302186103887,4004.12925721792,106381.89860261435,5852.9537375204,29648.85309443086,0.8974139242992397
lateral Y sensitivity,B-WO,707.7864564496558,0.0,19317.028132782016,752.3321027387433,2324.747258601837,0.3889232648916438
lateral Y sensitivity,S3,6799.976544214595,0.0,54640.88787034996,842.1687399361641,312.0849201256626,0.3722662676077513
lateral Y sensitivity,S1,99.22151249999993,0.0,0.0,0.0,0.0,0.000888942855189316
lateral Y sensitivity,T-S,567.3990972679521,574.7620458324236,3790.655892375999,263.88280193238927,216.7887432574049,0.19759726738849287
lateral Y sensitivity,N1,3766.5929956716095,0.0,19832.128285145514,113.8636942253621,4828.973957185803,0.1467491442914519
lateral Y sensitivity,T-E,4301.833434030228,7172.27985227917,51734.35957350606,2826.3469275658167,28253.439737882447,0.4063145667256452
lateral Y sensitivity,W2,5257.134456408173,0.0,52157.1969860012,626.9593271106571,1328.5202715473208,0.3435014197151962
lateral Y sensitivity,O3,412.3809764601174,0.0,33701.158000890064,1838.6757622923215,3272.016585878255,0.4617910387358236
lateral Y sensitivity,W3,2173.8657238204455,0.0,45788.22308749544,586.2174538244508,1075.4202223395478,0.27958742721764224
lateral Y sensitivity,N2,9863.641054631706,0.0,58715.044621896945,897.8558977456509,36.042287102555754,0.4221385698497707
lateral Y sensitivity,O2,373.64894959237427,0.0,149913.2096235863,5132.026612306996,9483.235920348921,0.38517491441301105
lateral Y sensitivity,T-SO,154.4159513846971,0.0,43371.13373898681,1004.2542937540142,13346.366425897628,0.07306992814880968
lateral Y sensitivity,T-N,5846.149290302442,4872.22271013257,43639.74835312819,7323.133096872587,18675.061787046754,1.6193083586961132
