case,column,P_lb,Vx_lb,Vy_lb,Mx_lbin,My_lbin
service occupied,W1,4101.005733382371,127.48263488081703,-182.42607138687944,5023.020655190884,-934.4486263228779
service occupied,W2,4506.011725025303,538.4212997158378,117.05104846996788,-4811.719095106535,11291.67964145531
service occupied,W3,5035.234599084914,570.4465166339952,35.19526902091794,-2141.033380704453,13290.149729377312
service occupied,W4,3072.5728071676417,29.10795291726459,40.359786940835846,-2313.763608445241,-3278.2271278220182
service occupied,S1,110.24612499999994,0.0,0.0,0.0,0.0
service occupied,S2,4501.3164090848795,-335.11349508775487,25.690710813021703,-1305.0136372652346,-15922.95471196929
service occupied,N1,4861.964877637377,-228.08243398769713,-23.221235356798964,1026.836506187227,-11717.832518317018
service occupied,N2,11532.758110780234,-378.333952076688,-87.781026031009,2682.436087748543,-16663.372076980217
service occupied,S3,7735.371417747196,-323.92852318721924,75.1315176361775,-2927.8368713214877,-15953.196029313796
service storage bands,W1,4430.814914750593,140.7448621257707,-189.49976123743522,5078.011142475573,-1469.1217420960634
service storage bands,W2,5346.093124369839,652.3961200120877,134.6862911658299,-5570.030205454001,13836.26667352208
service storage bands,W3,6342.55809936768,763.7330614199368,42.44911972867972,-2564.059337470889,18705.99215047379
service storage bands,W4,4409.602445145784,78.62691650201972,50.29486810115587,-2825.8899607681456,-2186.4121930706374
service storage bands,S1,110.24612499999994,0.0,0.0,0.0,0.0
service storage bands,S2,4944.2657479350755,-391.979587315225,31.81400817654423,-1596.4055960317444,-18715.604486533208
service storage bands,N1,6405.959373732708,-264.6406949471039,-30.309232280681268,1457.4918355697937,-13449.806123932314
service storage bands,N2,15588.866233134391,-591.976716428146,-129.34835621026176,4022.008006638501,-24211.577613047324
service storage bands,S3,8890.888241356644,-386.9039615925124,89.91306269340461,-3501.754234462017,-19009.348672666576
service full125,W1,5116.646714612249,160.69442901809015,-216.04911785345251,5755.7684462447205,-2714.045576024917
service full125,W2,6934.882084825593,838.962572212435,160.5208554892317,-6613.472699899736,17470.264812502795
service full125,W3,8431.036575919481,1035.7206929836507,44.179888594170144,-2823.102846180128,25200.55406708449
service full125,W4,5061.49031161053,79.56598174118578,58.98763032779817,-3315.109867276273,-4168.328483136762
service full125,S1,110.24612499999994,0.0,0.0,0.0,0.0
service full125,S2,5773.514451698753,-496.910824538607,44.94954113148686,-2217.822774162923,-23982.453951909934
service full125,N1,7650.86807914601,-373.6675042350211,-40.54633069196125,2078.7299434126307,-19040.217652483178
service full125,N2,19455.496441502513,-743.1299475300557,-171.88351828424706,5347.5873023344275,-31190.627631247473
service full125,S3,11145.972895271512,-501.23539996217187,119.84105147652124,-4671.2296945363005,-24776.984083461015
service patch1000,W1,4088.389237511406,126.83613873845653,-180.9604574546933,4974.900228258745,-1095.3594348773922
service patch1000,W2,4606.240479763053,548.3160211136765,117.51087494003359,-4827.033666187451,11401.106208535693
service patch1000,W3,5256.051254533905,598.2669634757812,34.588435160156834,-2122.0462779761524,13966.000476154139
service patch1000,W4,3131.2407729012266,28.15488868145388,40.09625933383728,-2306.2041575122435,-3528.7645969076234
service patch1000,S1,110.24612499999994,0.0,0.0,0.0,0.0
service patch1000,S2,4562.66486634673,-341.10775214763174,27.20902485493682,-1384.3861756008532,-16247.877788111045
service patch1000,N1,4976.464792808159,-239.8405644659546,-24.04817950668275,1087.056452173758,-12322.937872560105
service patch1000,N2,11906.001696427436,-389.5288309306515,-91.7980750350253,2793.7129777311425,-17250.440300196602
service patch1000,S3,7819.182579597562,-331.0968646654327,77.40211781936348,-3031.656488478055,-16332.989424612866
strength floor,W1,4638.321033313107,151.30589186251888,-185.5163072065612,4790.324460402934,-2275.9477604669987
strength floor,W2,6376.644672630335,778.1005500578259,149.67299960081934,-6221.319102455995,16495.36977871431
strength floor,W3,8250.59607720744,999.5084581411462,52.014590522998446,-3043.8136782968904,25175.1435917476
strength floor,W4,6026.144713672833,127.32366707370964,52.80316865754034,-3075.3434079088847,-1441.3108867688118
strength floor,S1,132.29534999999993,0.0,0.0,0.0,0.0
strength floor,S2,5247.540367728016,-456.1387537859626,40.19579439997371,-2008.6475275766522,-21933.324664372794
strength floor,N1,8335.301706199736,-317.352610885134,-39.62561262804897,2009.5378435108523,-16031.567497598491
strength floor,N2,19886.897986969478,-825.1172565427783,-178.22370210682212,5563.69730686666,-32720.068448822625
strength floor,S3,9954.248134674172,-457.62994618858255,108.67906893602594,-4252.486609598992,-22537.9410392776
strength roof,W1,5727.597273505183,179.75304460186172,-251.93036178775156,6847.635958038541,-1512.0012065543601
strength roof,W2,6495.446504045507,793.0718683973002,169.53724729150665,-6994.493778065863,16822.965213014315
strength roof,W3,7341.086120903373,881.300764087463,50.83370226606925,-3123.2566406302203,21215.115263426822
strength roof,W4,4948.029543550095,77.64426667731867,64.99605228298469,-3593.0780233460414,-3282.630470000661
strength roof,S1,132.29534999999993,0.0,0.0,0.0,0.0
strength roof,S2,6354.745745309616,-482.4129026915658,37.47549934414078,-1884.0947219497987,-22952.6699214675
strength roof,N1,7402.958669891347,-320.9301919689105,-34.97883563036449,1627.9584897591567,-16361.083013161928
strength roof,N2,18254.58186461645,-656.0328004372303,-144.42535300959517,4480.048019026496,-27380.977736539113
strength roof,S3,11156.567807258634,-472.3940489371784,108.49204940496443,-4214.150631067992,-23179.869105464284
uplift sensitivity,W1,559.990787247242,22.70915681192193,-15.355760367747939,387.3299180605284,218.1827841337344
uplift sensitivity,W2,672.8001879173227,55.16543981437532,13.38600105041106,-556.7630754269355,1202.7567656555461
uplift sensitivity,W3,809.6871291612908,60.2289494376742,5.719552241741799,-306.9941118068369,1530.36606295425
uplift sensitivity,W4,660.4270076311726,12.031938009531792,2.006650621787021,-185.4092356633318,80.0712273245362
uplift sensitivity,S1,99.22151249999997,0.0,0.0,0.0,0.0
uplift sensitivity,S2,513.178854290223,-42.94226032640747,2.671255103788666,-192.85851341772786,-1954.7252930747034
uplift sensitivity,N1,1535.1807118539173,-12.562495105559355,-3.621450840911676,83.18398480581425,-726.7813242736524
uplift sensitivity,N2,1778.419095699176,-63.785281812645394,-15.29443216265462,412.2927785258621,-2409.5535027990477
uplift sensitivity,S3,568.6730751801415,-30.845446845697662,10.48818436336951,-450.2965608741977,-1598.452889156748
lateral X sensitivity,W1,2501.151318528102,-286.3728665546956,-100.65268328875176,2682.152151070269,-22530.616241746353
lateral X sensitivity,W2,2515.659972000668,-213.64789643863872,75.23145812634594,-3112.182151557452,-24439.293497945404
lateral X sensitivity,W3,3350.074595868646,-33.89768535674204,26.8504739737252,-1576.8025922193156,-15933.462992812052
lateral X sensitivity,W4,1815.3037546962146,-386.3218161069513,23.212497659467548,-1465.783937639515,-25584.498996991828
lateral X sensitivity,S1,110.24612499999994,0.0,0.0,0.0,0.0
lateral X sensitivity,S2,3101.5518230214348,-639.3934513857041,20.48582111422039,-1027.5715324562918,-33847.763335098694
lateral X sensitivity,N1,4482.58796777487,-648.6050863602401,-24.693242823066672,1481.184736505686,-34195.93909090155
lateral X sensitivity,N2,9849.969872988187,-823.4473302244025,-81.49590904368706,2530.49325679993,-39954.6775035545
lateral X sensitivity,S3,5878.453341762037,-671.8709326685414,61.06158437568468,-2358.234162415073,-35994.102003801716
lateral Y sensitivity,W1,1435.873451680714,-9.326435547285234,-501.1154544559829,24146.50090613783,-5597.707760232386
lateral Y sensitivity,W2,3414.1366071578923,337.37369640000776,-413.0924898519418,21258.417511615073,5879.728820267269
lateral Y sensitivity,W3,4132.437226370113,529.6414276131551,-459.0377434484173,22751.679433065663,13430.022688004561
lateral Y sensitivity,W4,3357.8589455662113,101.0432033120931,-444.64031265075613,22269.52255766126,1148.0699308596938
lateral Y sensitivity,S1,110.24612499999994,0.0,0.0,0.0,0.0
lateral Y sensitivity,S2,-35.35796409675506,-291.70599091681134,-810.6020553978341,40692.34038013744,-14768.5894548855
lateral Y sensitivity,N1,4471.391572715477,-123.22051604995184,-209.06418546298627,17372.91349728745,-6218.470548800868
lateral Y sensitivity,N2,10232.319769787251,-272.24428815334153,-843.1503290141942,41954.32936676804,-11131.562104184955
lateral Y sensitivity,S3,6486.093037481089,-271.56109687371173,-780.8425685214718,39723.06611158778,-14093.820027696236
