member,truss,role,section,section_key,length_ft,weight_lb,utilization,stage,case,compression_lb,tension_lb,My_lb_in,Mz_lb_in,web_pinned_utilization,base_pinned_utilization
W1,columns/beams,column,HSS4X4X3/16,HSS4x4x0.1875,13.031088913245535,122.75285756277293,0.30755394819227766,complete,strength_roof,11242.290240848992,0,9868.630167278141,2969.880358924179,0.29197247087922,0.2995691565760498
W3,columns/beams,column,HSS4X4X1/2,HSS4x4x0.5,19.091112238949957,412.94075772848754,0.868872143053834,complete,strength_HB0.5,13545.436107901985,0,32422.635126907528,122737.70913957786,0.8588104345716969,0.8475739655334475
W4,columns/beams,column,HSS4X4X1/4,HSS4x4x0.25,19.091112238949957,233.102480437579,0.8215693899337067,PDelta,strength_lateral_HX_-2,16920.329082670447,0,10463.67376004645,24666.04114872605,0.8460288663161322,0.8612603071158438
S1,columns/beams,column,HSS4X4X3/16,HSS4x4x0.1875,10.0,94.2,0.0709511798238163,roof_first,strength_lateral_HZ_-2,844.3817989695294,0,3329.364888554368,2296.901821852421,0.06859391977752252,0.050787476615089644
S2,columns/beams,column,HSS4X4X3/16,HSS4x4x0.1875,10.0,94.2,0.5634801957471923,PDelta,strength_lateral_HZ_-2,16098.080764406659,0,27825.300930313,667.0494531146013,0.5676493910741137,0.5783250769758642
N2,columns/beams,column,HSS4X4X1/4,HSS4x4x0.25,19.2831275376374,235.4469872345527,0.7486990129083279,complete,strength_HB0.75,16456.84659234125,0,19280.135347646836,8443.721933396211,0.745748522542463,0.7117846724189306
S3,columns/beams,column,HSS4X4X3/16,HSS4x4x0.1875,13.031088913245535,122.75285756277293,0.6850141726898464,complete,strength_lateral_HZ_2,18426.257795368983,0,27238.19189085244,4864.871711899297,0.6898238656661003,0.6757404249063065
SW0,columns/beams,column,HSS4X4X3/16,HSS4x4x0.1875,10.0,94.2,0.1787852759418667,PDelta,strength_roof,1.5542999999961467,1345.5184963892534,6168.035072004557,1087.1208217982808,0.19064627146714605,0.1689758787399495
T-SO,columns/beams,beam,W6X8.5,W6X8.5,23.458333333333332,199.39583333333331,0.13767810691427113,roof_first,strength_lateral_HX_-2,0,311.5700760463951,5063.797636714351,3777.827070285955,0.1272852651141345,0.17046138760080728
T-S,TS,chord,HSS1-1/2X1-1/2X1/8,HSS1.5x1.5x0.125,21.354166666666668,46.97916666666667,0.289272653952506,roof_first,strength_lateral_HX_-2,840.560783687979,988.8216451955959,439.9242442914511,1056.8322462268875,0.23497583542446088,0.25915541295735994
T-W / B-WO,TW,chord,HSS3-1/2X3-1/2X3/16,HSS3.5x3.5x0.1875,26.333333333333332,214.61666666666667,0.7940755670728641,PDelta,strength_HT0.25,3865.06096295287,2948.996926049571,6554.852210005595,39681.415133368646,0.7926298886711061,0.7728527316103599
T-E,TE,chord,HSS3X3X1/4,HSS3x3x0.25,26.333333333333332,231.99666666666667,0.6972752423131372,PDelta,strength_HB0.75,0,8781.912376187742,2761.4929403470696,11444.211945969833,0.6898865708162542,0.6812710144872485
T-N,TN,chord,HSS3X3X1/8,HSS3x3x0.125,23.458333333333332,111.42708333333333,0.6845600730673733,complete,strength_HB0.5,0,1734.055971870428,1961.0768510463038,28448.61928542607,0.6780624085791177,0.6676659308363022
T1 upper lower chord,T1,chord,HSS1-1/2X1-1/2X3/16,HSS1.5x1.5x0.188,21.354166666666668,64.91666666666667,0.9035776792214009,PDelta,strength_HT0.75,305.7640782149974,6447.240719787696,85.77239503351946,4853.622285198332,0.8858466506785507,0.9066962838525621
T1 future floor beam,T1,future,W6X8.5,W6X8.5,21.354166666666668,181.51041666666669,0.17494445885431448,PDelta,strength_HT0.75,0,433.08487062821223,1388.4986394897953,22583.428887187434,0.19012057954480005,0.1604009677076391
B2 future floor beam,columns/beams,future,W8X24,W8X24,21.354166666666668,512.5,0.49777208391922806,PDelta,strength_HB0.5,0,138.25995168834925,1030.686259242097,463920.3336575097,0.504856096624315,0.5214832825974706
N1 / U-W,columns/beams,column,HSS6X6X1/4,HSS6x6x0.25,19.292728302571778,366.94769231491523,0.30874940268454015,PDelta,strength_lateral_HX_2,17198.30694366172,0,6143.26372724595,36196.003995909814,0.3120519272572774,0.31135188069670044
T-S vertical 2,TS,vertical,HSS1-1/2X1-1/2X1/8,HSS1.5x1.5x0.125,2.822755579912202,6.2100622758068456,0.012261540788885073,roof_first,strength_lateral_HX_-2,0,4.670872737167883,28.550180232227355,100.54144302587034,0.003269339189567594,0.011185744162121897
T-S vertical 3,TS,vertical,HSS1-1/2X1-1/2X1/8,HSS1.5x1.5x0.125,2.822755579912202,6.2100622758068456,0.006266723060436884,PDelta,strength_lateral_HX_-2,15.55242785281007,0,9.948680760378684,38.67253095697205,0.0020843028051295877,0.0062310346735929
T-S vertical 4,TS,vertical,HSS1-1/2X1-1/2X1/8,HSS1.5x1.5x0.125,2.822755579912202,6.2100622758068456,0.004473935753337266,PDelta,strength_lateral_HX_-2,0,15.927635899373854,0.5193589651176455,34.56318448147303,0.0036085681537701177,0.0040357982603959185
T-S vertical 5,TS,vertical,HSS1-1/2X1-1/2X1/8,HSS1.5x1.5x0.125,2.822755579912202,6.2100622758068456,0.005342402235670764,PDelta,strength_lateral_HX_2,14.8503886326871,0,10.375712703258865,36.91739482569612,0.0019379547999802925,0.00513769042859513
T-S vertical 6,TS,vertical,HSS1-1/2X1-1/2X1/8,HSS1.5x1.5x0.125,2.822755579912202,6.2100622758068456,0.009575043874056709,roof_first,strength_lateral_HX_2,0,9.559903908375418,24.400364688385523,70.97072580959711,0.0034548466893801317,0.008456032922690853
T-S diagonal 8,TS,diagonal,HSS1-1/2X1-1/2X1/8,HSS1.5x1.5x0.125,4.722932629204189,10.390451784249217,0.08755160586556598,roof_first,strength_lateral_HX_-2,558.0286982483813,0,120.60566658223891,286.75149841524325,0.05194212283388345,0.08059049395499267
T-S diagonal 9,TS,diagonal,HSS1-1/2X1-1/2X1/8,HSS1.5x1.5x0.125,4.784591881430793,10.526102139147746,0.03811728545254336,PDelta,strength_lateral_HX_2,290.8262528467603,0,87.68947698274721,44.1338254867919,0.02790093565834625,0.03614959282992754
T-S diagonal 10,TS,diagonal,HSS1-1/2X1-1/2X1/8,HSS1.5x1.5x0.125,4.784591881430793,10.526102139147746,0.04666440813424107,roof_first,strength_lateral_HX_-2,447.463117682928,0,58.3677599404313,47.23605552755934,0.03995556237030143,0.04182873470487004
T-S diagonal 11,TS,diagonal,HSS1-1/2X1-1/2X1/8,HSS1.5x1.5x0.125,4.784591881430793,10.526102139147746,0.04197709775143372,PDelta,strength_lateral_HX_2,416.06739458738593,0,43.05113246933311,39.13449311686858,0.03745804770955991,0.0368642365308171
T-S diagonal 12,TS,diagonal,HSS1-1/2X1-1/2X1/8,HSS1.5x1.5x0.125,4.784591881430791,10.526102139147742,0.04147230735652563,roof_first,strength_lateral_HX_-2,321.4745028122561,0,87.71535060280084,44.49251567172005,0.030326075354167245,0.04024459854880186
T-S diagonal 13,TS,diagonal,HSS1-1/2X1-1/2X1/8,HSS1.5x1.5x0.125,4.722932629204194,10.390451784249228,0.0754985192277123,roof_first,strength_lateral_HX_2,521.6827560103993,0,126.10150618686488,191.20902405976474,0.04979725429613217,0.07015593339434095
T1 vertical 2,T1,vertical,HSS1-1/2X1-1/2X1/8,HSS1.5x1.5x0.125,3.2500000195768997,7.15000004306918,0.17540990058294997,PDelta,strength_HT0.25,0,3643.1389430449926,70.36260841223611,386.99288637402117,0.13671676698745636,0.1714270000207221
T1 vertical 3,T1,vertical,HSS1-1/2X1-1/2X1/8,HSS1.5x1.5x0.125,3.2500000195768997,7.15000004306918,0.03275464951911174,PDelta,strength_lateral_HX_2,30.362827857097727,0,23.268339017451872,294.6606437473692,0.005007934571752993,0.03458748187114295
T1 vertical 4,T1,vertical,HSS1-1/2X1-1/2X1/8,HSS1.5x1.5x0.125,3.2500000195768997,7.15000004306918,0.18138415244230294,PDelta,strength_HT0.75,0,4180.928390205052,53.95232381641257,244.01052827429305,0.16285750188866038,0.18130424890172883
T1 diagonal 6,T1,diagonal,HSS1-1/2X1-1/2X3/16,HSS1.5x1.5x0.188,6.384186695944023,19.40792755566983,0.8896223859892562,PDelta,strength_HT0.25,7742.363642598764,0,113.45705506433762,360.39298380839045,0.917004295210585,0.8874580830771601
T1 diagonal 7,T1,diagonal,HSS1-1/2X1-1/2X1/8,HSS1.5x1.5x0.125,6.452956862452176,14.196505097394787,0.15310401508111143,complete,strength_HT0.5,0,3628.6429495297198,37.11986369190303,179.2497557132842,0.15094179182743245,0.15005986297555787
T1 diagonal 8,T1,diagonal,HSS1-1/2X1-1/2X1/8,HSS1.5x1.5x0.125,6.4529568624521785,14.196505097394795,0.13819100499090703,complete,strength_HT0.5,0,3131.5874488347617,64.0562864356075,179.77823390636829,0.12861831489714448,0.1387255960245528
T1 diagonal 9,T1,diagonal,HSS1-1/2X1-1/2X3/16,HSS1.5x1.5x0.188,6.384186695944027,19.407927555669843,0.9331600192937222,PDelta,strength_HT0.75,8195.134437201079,0,72.02442045054484,323.4652529390742,0.9863775207356893,0.9335653699188334
T-W vertical 1,TW,vertical,HSS1-1/2X1-1/2X1/8,HSS1.5x1.5x0.125,1.7642800863978891,3.8814161900753565,0.1780277649883173,PDelta,strength_roof,826.7144705443025,0,1394.9189256103032,80.98088182034097,0.037061813819943105,0.18577144493886372
T-W vertical 3,TW,vertical,HSS1-1/2X1-1/2X1/8,HSS1.5x1.5x0.125,6.130491497144433,13.487081293717754,0.6663480992114112,PDelta,strength_HT0.25,0,5279.477126880025,854.0976045748419,4084.07898007206,0.557405444440299,0.6491790602879991
T-W vertical 4,TW,vertical,HSS1-1/2X1-1/2X1/8,HSS1.5x1.5x0.125,8.681054144234196,19.09831911731523,0.3158148279323682,PDelta,strength_HT0.25,0,1152.241312454018,1986.144717990434,1051.8116234622255,0.05051337065130328,0.3126272612786154
T-W vertical 6,TW,vertical,HSS1-1/2X1-1/2X1/8,HSS1.5x1.5x0.125,8.729166666666664,19.204166666666662,0.20831448684682355,roof_first,strength_roof_first,522.4172746964291,0,656.2103474047801,61.73257358624116,0.15089180585742468,0.19581262928249965
T-W diagonal 9,TW,diagonal,HSS2-1/4X2-1/4X1/8,HSS2.25x2.25x0.125,8.759844855670364,30.484260097732868,0.7365425264837746,complete,strength_HT0.25,10042.227278805814,0,211.9847154693251,1076.608055898062,0.7359104522989041,0.7230671719180892
T-W diagonal 10,TW,diagonal,HSS1-1/2X1-1/2X1/8,HSS1.5x1.5x0.125,7.857257506573554,17.285966514461823,0.7530699968503335,complete,strength_HT0.25,2811.309366419242,0,969.5508148049746,748.2644577661815,0.6231745618742934,0.7325198123934997
T-W balcony header,TW,header,HSS1-1/2X1-1/2X1/8,HSS1.5x1.5x0.125,5.0,11.0,0.41613273407574597,PDelta,strength_lateral_HX_-2,707.9226687589253,0,2041.6217216979226,997.0749498956716,0.3383863016900522,0.4321143953047649
T-W vertical 13,TW,vertical,HSS1-1/2X1-1/2X1/8,HSS1.5x1.5x0.125,1.0625000000000024,2.3375000000000057,0.07437056567333185,complete,strength_lateral_HX_-2,0,23.947661010259253,133.60273775290588,407.4291420534542,0.030851371906651607,0.06303529565018443
T-W diagonal 15,TW,diagonal,HSS1-1/2X1-1/2X1/8,HSS1.5x1.5x0.125,2.8118826482941635,6.18614182624716,0.17540446736098456,PDelta,strength_lateral_HX_-2,0,512.8188111639029,1202.957119228406,359.56506070576654,0.056131619741062615,0.17574575807681442
T-W diagonal 16,TW,diagonal,HSS1-1/2X1-1/2X1/8,HSS1.5x1.5x0.125,2.811882648294161,6.186141826247154,0.10823521688520665,roof_first,strength_lateral_HX_-2,0,516.3373611603165,646.4291761599102,177.19897214359145,0.05537419795479777,0.12076440474131037
T-E vertical 1,TE,vertical,HSS1-1/2X1-1/2X1/8,HSS1.5x1.5x0.125,1.4309467530645559,3.148082856742023,0.2022050137633025,roof_first,strength_lateral_HZ_2,401.39821167762057,0,1768.746424087062,89.16342237729026,0.03389579379142017,0.14494711984335082
T-E vertical 3,TE,vertical,HSS1-1/2X1-1/2X1/8,HSS1.5x1.5x0.125,5.7971581638111,12.753747960384421,0.7133171545189667,PDelta,strength_HT0.75,0,6173.67225886845,432.5922353299005,4625.029729001787,0.5193126426555756,0.731521983645843
T-E vertical 4,TE,vertical,HSS1-1/2X1-1/2X1/8,HSS1.5x1.5x0.125,8.347720810900862,18.364985783981897,0.646647645350809,roof_first,strength_lateral_HZ_2,2548.536525572312,0,182.2318421510409,287.39053181924055,0.3397795594092846,0.4064834259258628
T-E vertical 6,TE,vertical,HSS2X2X1/8,HSS2x2x0.125,8.395833333333329,25.60729166666665,0.6735374977039168,complete,strength_roof,4577.391550613247,0,764.1293333825693,4515.267893287866,0.434302142015553,0.6590660441838496
T-E diagonal 11,TE,diagonal,HSS2-1/4X2-1/4X1/8,HSS2.25x2.25x0.125,8.452641972989563,29.41519406600368,0.7270994058015817,complete,strength_HT0.75,10228.517926074235,0,188.32415936269334,1676.3567948779767,0.6814309404903125,0.7255762181175134
T-E diagonal 12,TE,diagonal,HSS1-1/2X1-1/2X1/8,HSS1.5x1.5x0.125,7.513239644303703,16.529127217468147,0.8341504006215157,complete,strength_HT0.75,3635.0165178614698,0,1008.376383260782,436.07910411908483,0.7438849125918545,0.8204099027873593
T-E diagonal 13,TE,diagonal,HSS2X2X1/8,HSS2x2x0.125,10.282152316028,31.360564563885397,0.7844019568952061,PDelta,strength_HB0.75,0,12830.065923119751,7545.337375275327,1378.3873409302282,0.38014391917288637,0.8106083529130187
T-N upper east jamb,TN,upper_jamb,HSS4X4X3/16,HSS4x4x0.1875,9.104166666666666,85.76124999999999,0.10959817687302517,complete,strength_lateral_HX_2,0,2055.3815332207887,767.1180906368564,9254.404659656791,0.11115955251624852,0.1097525454446652
T-N loading header,TN,header,HSS1-1/2X1-1/2X1/8,HSS1.5x1.5x0.125,8.5,18.700000000000003,0.43193135525811394,PDelta,strength_lateral_HX_-2,2698.974076612387,0,381.61476212290137,662.0660701531845,0.4343783950722622,0.4788130913826372
T-N vertical 5,TN,vertical,HSS1-1/2X1-1/2X1/8,HSS1.5x1.5x0.125,9.104166666666666,20.02916666666667,0.06269115899059916,PDelta,strength_lateral_HX_2,27.50171890747879,0,309.0307674343936,100.49267626558094,0.02826739380991207,0.06067716147141543
T-N diagonal 8,TN,diagonal,HSS2X2X1/8,HSS2x2x0.125,10.767931588492027,32.842191344900684,0.4854636703334521,PDelta,strength_HB0.5,3056.864100176441,0,79.13653803186813,285.9320247869504,0.4972475978117737,0.4845615988256169
T-N diagonal 9,TN,diagonal,HSS1-1/2X1-1/2X1/8,HSS1.5x1.5x0.125,9.344162244714909,20.5571569383728,0.14399480919077468,PDelta,strength_HB0.75,267.82592522418054,0,421.22933897021954,296.20854540455446,0.0818959051217981,0.16257545621740846
T-N vertical 11,TN,vertical,HSS1-1/2X1-1/2X1/8,HSS1.5x1.5x0.125,1.4375,3.1625,0.03929414870685257,PDelta,strength_lateral_HX_-2,0,14.212923643346585,27.16244411568583,318.67896304423317,0.006394665847567467,0.041863791575851725
T-N vertical 12,TN,vertical,HSS1-1/2X1-1/2X1/8,HSS1.5x1.5x0.125,1.4375,3.1625,0.02744898006738905,PDelta,strength_lateral_HX_-2,0,20.033383723755833,2.4210378106105455,211.3361164120668,0.008299733591257642,0.029720802330448125
T-N vertical 13,TN,vertical,HSS1-1/2X1-1/2X1/8,HSS1.5x1.5x0.125,1.4375,3.1625,0.036138641252673284,PDelta,strength_lateral_HX_-2,0,54.69711585918412,20.567547432168485,282.5095104696389,0.006685066068502448,0.039023080742982386
T-N diagonal 15,TN,diagonal,HSS1-1/2X1-1/2X1/8,HSS1.5x1.5x0.125,2.565546968971724,5.644203331737794,0.12439538705395563,PDelta,strength_lateral_HX_-2,1431.6403206484974,0,329.21290218903624,244.2068172027522,0.07460048023163965,0.13657895677618598
T-N diagonal 16,TN,diagonal,HSS1-1/2X1-1/2X1/8,HSS1.5x1.5x0.125,2.565546968971724,5.644203331737794,0.08509361961798881,PDelta,strength_lateral_HX_-2,0,1318.1081891211506,116.99329350035548,195.77725750641085,0.0554919254228293,0.09127151881903807
T-N diagonal 17,TN,diagonal,HSS1-1/2X1-1/2X1/8,HSS1.5x1.5x0.125,2.565546968971724,5.644203331737794,0.09272544889851246,PDelta,strength_lateral_HX_-2,1406.854998519062,0,101.61966417130002,138.57518703935423,0.0702517100673977,0.10646519775255511
T-N diagonal 18,TN,diagonal,HSS1-1/2X1-1/2X1/8,HSS1.5x1.5x0.125,2.565546968971724,5.644203331737794,0.1283755178540713,roof_first,strength_lateral_HX_2,1140.445309036717,0,279.9375872918766,482.34918599162893,0.053602816761238146,0.1438837274848605
T1 future hanger 2,T1,hanger,HSS1-1/2X1-1/2X1/8,HSS1.5x1.5x0.125,2.2619373333333335,4.976262133333334,0.33263410969396656,PDelta,strength_HT0.25,0,3624.673745938315,46.19576734584771,2008.8455174541211,0.14333626285623824,0.3120793671187633
T1 future hanger 3,T1,hanger,HSS1-1/2X1-1/2X1/8,HSS1.5x1.5x0.125,2.2619373333333335,4.976262133333334,0.17290082136662366,PDelta,strength_HT0.5,0,3757.0361044686288,33.93266737432401,295.03781473574935,0.1471770681007104,0.1688074526011133
T1 future hanger 4,T1,hanger,HSS1-1/2X1-1/2X1/8,HSS1.5x1.5x0.125,2.2619373333333335,4.976262133333334,0.2805408615316904,PDelta,strength_HT0.75,0,4170.413159666612,41.38739236700721,1287.2450046261113,0.16664162381493464,0.29639975345311903
T-S top / segment 1,TS,top_chord,HSS1-1/2X1-1/2X1/8,HSS1.5x1.5x0.125,21.354166666666668,46.97916666666667,0.1575752483064929,PDelta,strength_lateral_HX_2,982.0864239168295,702.172176063963,236.75144514269348,152.92420868896454,0.13561986111502464,0.13948856998626272
T1 top / segment 1,T1,top_chord,HSS2X2X1/8,HSS2x2x0.125,21.354166666666668,65.13020833333333,0.5841831857653859,complete,strength_HT0.5,8767.832676290513,44.63849390812902,106.47167737322596,1468.8731759363418,0.5945921691718434,0.5877628332789819
T-W top / segment 1,TW,top_chord,HSS2-1/2X2-1/2X1/8,HSS2.5x2.5x0.125,17.875,69.71249999999999,0.8296778448947242,complete,strength_roof,2669.1937465576484,5237.293523001042,842.9949740794416,19433.85405031675,0.8068638411370131,0.8062583910392191
T-W top / segment 2,TW,top_chord,HSS5X5X1/4,HSS5x5x0.25,10.853129240686492,169.525878739523,0.8778791298746218,roof_first,strength_lateral_HX_-2,446.86500435473863,1060.8823689968558,173783.9868848999,41465.50148347479,0.877086821716258,0.8695851622484361
T-E top / segment 1,TE,top_chord,HSS3X3X1/8,HSS3x3x0.125,17.670351423909047,83.93416926356797,0.8559909151912676,PDelta,strength_roof,9024.422400544601,0,1052.3960286048577,26690.77115652599,0.8364595604599644,0.8749463620730616
T-E top / segment 2,TE,top_chord,HSS4X4X3/16,HSS4x4x0.1875,10.853129240686492,102.23647744726675,0.8233613128567628,complete,strength_lateral_HX_2,3855.5055318611558,0,62311.6677883215,13027.168385403487,0.7964219407960481,0.8527342157967458
T-N top / segment 1,TN,top_chord,HSS1-1/2X1-1/2X1/8,HSS1.5x1.5x0.125,23.458333333333332,51.608333333333334,0.7723890008666873,complete,strength_lateral_HX_-2,4390.539608701889,2252.4252960354934,1823.6885424595719,696.0984752542772,0.7890938741922439,0.7848774200394779
BR-W-1,BR-W,diagonal,HSS1-1/2X1-1/2X1/8,HSS1.5x1.5x0.125,10.70598223217074,23.55316091077563,0.35012255184869057,complete,strength_lateral_HZ_-2,818.9750891932018,0,125.64384413299709,187.95394499647833,0.3447106948253018,0.3747410895999135
BR-W-2,BR-W,diagonal,HSS1-1/2X1-1/2X1/8,HSS1.5x1.5x0.125,10.70598223217074,23.55316091077563,0.6920383201355247,complete,strength_lateral_HX_-2,1543.1913100584782,0,765.7315186184052,202.44278364549214,0.6902521352904611,0.8351010377916759
BR-S-1,BR-S,diagonal,HSS1-1/2X1-1/2X1/8,HSS1.5x1.5x0.125,11.061401389265486,24.33508305638407,0.396458141339789,roof_first,strength_lateral_HZ_-2,876.9791466466992,0,94.28796794421642,215.73769644091814,0.39499156425444276,0.40815747226924093
BR-S-2,BR-S,diagonal,HSS1-1/2X1-1/2X1/8,HSS1.5x1.5x0.125,11.061401389265486,24.33508305638407,0.2539551146850381,PDelta,strength_lateral_HX_2,541.3349606933418,0,68.20037510682897,223.37051498186165,0.24909682888889267,0.3063031091221606
BR-R-main-1,BR-R,diagonal,HSS2-1/4X2-1/4X1/8,HSS2.25x2.25x0.125,24.276197547414856,84.4811674650037,0.7894014964866223,roof_first,strength_lateral_HX_-2,1107.2759356974275,0,3080.2049782235795,2469.048111619699,0.6904043581403797,0.6643438890475366
BR-R-main-2,BR-R,diagonal,HSS2X2X1/8,HSS2x2x0.125,24.276197547414856,74.04240251961531,0.8413338849366453,roof_first,strength_lateral_HX_2,794.1485951864161,0,2902.9191357579552,1857.3751652555077,0.755631282185124,0.6712338203265183
BR-R-cap-1,BR-R,diagonal,HSS3X3X3/16,HSS3x3x0.1875,22.498312050882593,154.5634037895634,0.8543001331040052,PDelta,strength_lateral_HX_2,5267.946131501463,0,5964.795428050265,5767.166784454043,0.8790479171647282,0.8913058134428552
BR-R-cap-2,BR-R,diagonal,HSS1-1/2X1-1/2X1/8,HSS1.5x1.5x0.125,22.498312050882593,49.496286511941705,0.6420914810967103,complete,strength_lateral_HZ_2,286.21512467218963,0,32.592680772751535,1631.3821574473359,0.6531194532435995,0.6537757216020694
BR-E-upper-1,BR-E,diagonal,HSS2X2X1/8,HSS2x2x0.125,10.117907406262837,30.859617589101653,0.5259818869566776,complete,strength_lateral_HZ_-2,3432.736110876882,0,946.4042541593064,355.7426052612045,0.494235738703608,0.532025382287243
BR-N-upper-1,BR-N,diagonal,HSS2-1/2X2-1/2X1/8,HSS2.5x2.5x0.125,11.54794504326299,45.03698566872566,0.8046767188226747,complete,strength_lateral_HX_-2,8435.372787879103,0,510.4632224056174,2175.6405985720376,0.7895699431115942,0.8702354686119619
BR-N-ground-1,BR-N-ground,diagonal,HSS2X2X1/8,HSS2x2x0.125,11.531527586240351,35.17115913803307,0.9511918281472074,roof_first,strength_lateral_HX_-2,5275.483607555616,0,147.3791001242689,454.2169426457877,0.8779764055140347,0.9792139719769383
BR-N-ground-2,BR-N-ground,diagonal,HSS2-1/4X2-1/4X1/8,HSS2.25x2.25x0.125,11.531527586240353,40.129716000116424,0.8375504575101343,complete,strength_lateral_HX_2,6380.3568757827015,0,1305.8931668153964,640.096460413608,0.8303024992074416,0.9744781033651218
BR-E-ground-1,BR-E-ground,diagonal,HSS2-1/2X2-1/2X1/8,HSS2.5x2.5x0.125,10.491398593345144,40.91645451404606,0.7113346295794406,PDelta,strength_lateral_HZ_-2,9735.327865421523,0,473.16457974824544,389.7768484563925,0.7173832521406186,0.8287235935787365
BR-E-ground-2,BR-E-ground,diagonal,HSS2-1/4X2-1/4X1/8,HSS2.25x2.25x0.125,10.491398593345144,36.5100671048411,0.8515380761789217,PDelta,strength_lateral_HZ_2,8295.421514354346,0,187.03098046460582,669.4219966415952,0.8561165373732983,0.9870591201157082
