case,column,vertical_reaction_lb,note
service40,W1,11334.451267137816,Positive upward on frame / downward bearing on footing. Negative requires hold-down. Lateral cases are sensitivity loads.
service40,W3,9543.520058908658,Positive upward on frame / downward bearing on footing. Negative requires hold-down. Lateral cases are sensitivity loads.
service40,W4,1115.3553098600134,Positive upward on frame / downward bearing on footing. Negative requires hold-down. Lateral cases are sensitivity loads.
service40,S1,416.8259916903979,Positive upward on frame / downward bearing on footing. Negative requires hold-down. Lateral cases are sensitivity loads.
service40,S2,48.26364783722661,Positive upward on frame / downward bearing on footing. Negative requires hold-down. Lateral cases are sensitivity loads.
service40,N2,11950.011349514345,Positive upward on frame / downward bearing on footing. Negative requires hold-down. Lateral cases are sensitivity loads.
service40,S3,12424.767444290808,Positive upward on frame / downward bearing on footing. Negative requires hold-down. Lateral cases are sensitivity loads.
service40,SW0,-2949.0989088345696,Positive upward on frame / downward bearing on footing. Negative requires hold-down. Lateral cases are sensitivity loads.
service40,N1 / U-W,2572.396396492937,Positive upward on frame / downward bearing on footing. Negative requires hold-down. Lateral cases are sensitivity loads.
service_patches,W1,11400.992671296877,Positive upward on frame / downward bearing on footing. Negative requires hold-down. Lateral cases are sensitivity loads.
service_patches,W3,9857.273776554692,Positive upward on frame / downward bearing on footing. Negative requires hold-down. Lateral cases are sensitivity loads.
service_patches,W4,1316.7706053659467,Positive upward on frame / downward bearing on footing. Negative requires hold-down. Lateral cases are sensitivity loads.
service_patches,S1,404.2877286596992,Positive upward on frame / downward bearing on footing. Negative requires hold-down. Lateral cases are sensitivity loads.
service_patches,S2,-87.34689306593572,Positive upward on frame / downward bearing on footing. Negative requires hold-down. Lateral cases are sensitivity loads.
service_patches,N2,13378.205785327387,Positive upward on frame / downward bearing on footing. Negative requires hold-down. Lateral cases are sensitivity loads.
service_patches,S3,13211.481475384346,Positive upward on frame / downward bearing on footing. Negative requires hold-down. Lateral cases are sensitivity loads.
service_patches,SW0,-2980.619276625022,Positive upward on frame / downward bearing on footing. Negative requires hold-down. Lateral cases are sensitivity loads.
service_patches,N1 / U-W,3070.7596967567756,Positive upward on frame / downward bearing on footing. Negative requires hold-down. Lateral cases are sensitivity loads.
typical30,W1,7146.3847287085855,Positive upward on frame / downward bearing on footing. Negative requires hold-down. Lateral cases are sensitivity loads.
typical30,W3,6057.3191665839195,Positive upward on frame / downward bearing on footing. Negative requires hold-down. Lateral cases are sensitivity loads.
typical30,W4,865.8840151128256,Positive upward on frame / downward bearing on footing. Negative requires hold-down. Lateral cases are sensitivity loads.
typical30,S1,427.2924072734103,Positive upward on frame / downward bearing on footing. Negative requires hold-down. Lateral cases are sensitivity loads.
typical30,S2,-103.76775588307343,Positive upward on frame / downward bearing on footing. Negative requires hold-down. Lateral cases are sensitivity loads.
typical30,N2,7931.140099764576,Positive upward on frame / downward bearing on footing. Negative requires hold-down. Lateral cases are sensitivity loads.
typical30,S3,7789.9739694266555,Positive upward on frame / downward bearing on footing. Negative requires hold-down. Lateral cases are sensitivity loads.
typical30,SW0,-2022.6178729483458,Positive upward on frame / downward bearing on footing. Negative requires hold-down. Lateral cases are sensitivity loads.
typical30,N1 / U-W,2220.5907474255987,Positive upward on frame / downward bearing on footing. Negative requires hold-down. Lateral cases are sensitivity loads.
storage125_sensitivity,W1,16160.07694922385,Positive upward on frame / downward bearing on footing. Negative requires hold-down. Lateral cases are sensitivity loads.
storage125_sensitivity,W3,16014.897727216377,Positive upward on frame / downward bearing on footing. Negative requires hold-down. Lateral cases are sensitivity loads.
storage125_sensitivity,W4,532.1609630258193,Positive upward on frame / downward bearing on footing. Negative requires hold-down. Lateral cases are sensitivity loads.
storage125_sensitivity,S1,338.78671524824347,Positive upward on frame / downward bearing on footing. Negative requires hold-down. Lateral cases are sensitivity loads.
storage125_sensitivity,S2,-1036.5553871736254,Positive upward on frame / downward bearing on footing. Negative requires hold-down. Lateral cases are sensitivity loads.
storage125_sensitivity,N2,19454.61867346137,Positive upward on frame / downward bearing on footing. Negative requires hold-down. Lateral cases are sensitivity loads.
storage125_sensitivity,S3,18535.421006026343,Positive upward on frame / downward bearing on footing. Negative requires hold-down. Lateral cases are sensitivity loads.
storage125_sensitivity,SW0,-5064.481554581607,Positive upward on frame / downward bearing on footing. Negative requires hold-down. Lateral cases are sensitivity loads.
storage125_sensitivity,N1 / U-W,4951.018086223589,Positive upward on frame / downward bearing on footing. Negative requires hold-down. Lateral cases are sensitivity loads.
live_only,W1,2269.9359650727192,Positive upward on frame / downward bearing on footing. Negative requires hold-down. Lateral cases are sensitivity loads.
live_only,W3,3055.2356323231643,Positive upward on frame / downward bearing on footing. Negative requires hold-down. Lateral cases are sensitivity loads.
live_only,W4,-288.53855436323283,Positive upward on frame / downward bearing on footing. Negative requires hold-down. Lateral cases are sensitivity loads.
live_only,S1,-30.624933107729422,Positive upward on frame / downward bearing on footing. Negative requires hold-down. Lateral cases are sensitivity loads.
live_only,S2,-514.4218654444983,Positive upward on frame / downward bearing on footing. Negative requires hold-down. Lateral cases are sensitivity loads.
live_only,N2,3529.869233427491,Positive upward on frame / downward bearing on footing. Negative requires hold-down. Lateral cases are sensitivity loads.
live_only,S3,2867.258542490496,Positive upward on frame / downward bearing on footing. Negative requires hold-down. Lateral cases are sensitivity loads.
live_only,SW0,-992.3751493750351,Positive upward on frame / downward bearing on footing. Negative requires hold-down. Lateral cases are sensitivity loads.
live_only,N1 / U-W,1129.2861750552188,Positive upward on frame / downward bearing on footing. Negative requires hold-down. Lateral cases are sensitivity loads.
machine200,W1,7760.38257895395,Positive upward on frame / downward bearing on footing. Negative requires hold-down. Lateral cases are sensitivity loads.
machine200,W3,6889.302344963683,Positive upward on frame / downward bearing on footing. Negative requires hold-down. Lateral cases are sensitivity loads.
machine200,W4,779.4918559602676,Positive upward on frame / downward bearing on footing. Negative requires hold-down. Lateral cases are sensitivity loads.
machine200,S1,418.07626456131567,Positive upward on frame / downward bearing on footing. Negative requires hold-down. Lateral cases are sensitivity loads.
machine200,S2,-243.7305271482763,Positive upward on frame / downward bearing on footing. Negative requires hold-down. Lateral cases are sensitivity loads.
machine200,N2,8874.139645390549,Positive upward on frame / downward bearing on footing. Negative requires hold-down. Lateral cases are sensitivity loads.
machine200,S3,8569.524661434452,Positive upward on frame / downward bearing on footing. Negative requires hold-down. Lateral cases are sensitivity loads.
machine200,SW0,-2291.332681342984,Positive upward on frame / downward bearing on footing. Negative requires hold-down. Lateral cases are sensitivity loads.
machine200,N1 / U-W,2512.7515547830703,Positive upward on frame / downward bearing on footing. Negative requires hold-down. Lateral cases are sensitivity loads.
uplift20_sensitivity,W1,-350.29351879170173,Positive upward on frame / downward bearing on footing. Negative requires hold-down. Lateral cases are sensitivity loads.
uplift20_sensitivity,W3,-461.96851676710656,Positive upward on frame / downward bearing on footing. Negative requires hold-down. Lateral cases are sensitivity loads.
uplift20_sensitivity,W4,328.42617615961217,Positive upward on frame / downward bearing on footing. Negative requires hold-down. Lateral cases are sensitivity loads.
uplift20_sensitivity,S1,271.8246425726289,Positive upward on frame / downward bearing on footing. Negative requires hold-down. Lateral cases are sensitivity loads.
uplift20_sensitivity,S2,-113.17047117866439,Positive upward on frame / downward bearing on footing. Negative requires hold-down. Lateral cases are sensitivity loads.
uplift20_sensitivity,N2,32.65377327816151,Positive upward on frame / downward bearing on footing. Negative requires hold-down. Lateral cases are sensitivity loads.
uplift20_sensitivity,S3,-529.2818494111723,Positive upward on frame / downward bearing on footing. Negative requires hold-down. Lateral cases are sensitivity loads.
uplift20_sensitivity,SW0,-92.52080733643632,Positive upward on frame / downward bearing on footing. Negative requires hold-down. Lateral cases are sensitivity loads.
uplift20_sensitivity,N1 / U-W,752.2303914571827,Positive upward on frame / downward bearing on footing. Negative requires hold-down. Lateral cases are sensitivity loads.
strength_screen,W1,12082.17982052086,Positive upward on frame / downward bearing on footing. Negative requires hold-down. Lateral cases are sensitivity loads.
strength_screen,W3,11264.801452565456,Positive upward on frame / downward bearing on footing. Negative requires hold-down. Lateral cases are sensitivity loads.
strength_screen,W4,1329.1443364907002,Positive upward on frame / downward bearing on footing. Negative requires hold-down. Lateral cases are sensitivity loads.
strength_screen,S1,466.1868791690119,Positive upward on frame / downward bearing on footing. Negative requires hold-down. Lateral cases are sensitivity loads.
strength_screen,S2,-558.9931150813102,Positive upward on frame / downward bearing on footing. Negative requires hold-down. Lateral cases are sensitivity loads.
strength_screen,N2,15842.629043280529,Positive upward on frame / downward bearing on footing. Negative requires hold-down. Lateral cases are sensitivity loads.
strength_screen,S3,14578.004259706426,Positive upward on frame / downward bearing on footing. Negative requires hold-down. Lateral cases are sensitivity loads.
strength_screen,SW0,-3513.5490717029224,Positive upward on frame / downward bearing on footing. Negative requires hold-down. Lateral cases are sensitivity loads.
strength_screen,N1 / U-W,4280.616934362466,Positive upward on frame / downward bearing on footing. Negative requires hold-down. Lateral cases are sensitivity loads.
HB0.25,W1,7741.723774272564,Positive upward on frame / downward bearing on footing. Negative requires hold-down. Lateral cases are sensitivity loads.
HB0.25,W3,7901.757595116572,Positive upward on frame / downward bearing on footing. Negative requires hold-down. Lateral cases are sensitivity loads.
HB0.25,W4,595.2639480070103,Positive upward on frame / downward bearing on footing. Negative requires hold-down. Lateral cases are sensitivity loads.
HB0.25,S1,403.18948632515355,Positive upward on frame / downward bearing on footing. Negative requires hold-down. Lateral cases are sensitivity loads.
HB0.25,S2,-273.0195867456491,Positive upward on frame / downward bearing on footing. Negative requires hold-down. Lateral cases are sensitivity loads.
HB0.25,N2,9018.497458048345,Positive upward on frame / downward bearing on footing. Negative requires hold-down. Lateral cases are sensitivity loads.
HB0.25,S3,8646.805065345761,Positive upward on frame / downward bearing on footing. Negative requires hold-down. Lateral cases are sensitivity loads.
HB0.25,SW0,-2290.70150954652,Positive upward on frame / downward bearing on footing. Negative requires hold-down. Lateral cases are sensitivity loads.
HB0.25,N1 / U-W,2675.089473074065,Positive upward on frame / downward bearing on footing. Negative requires hold-down. Lateral cases are sensitivity loads.
HB0.5,W1,7743.20237123514,Positive upward on frame / downward bearing on footing. Negative requires hold-down. Lateral cases are sensitivity loads.
HB0.5,W3,7543.064547269902,Positive upward on frame / downward bearing on footing. Negative requires hold-down. Lateral cases are sensitivity loads.
HB0.5,W4,642.8118034247958,Positive upward on frame / downward bearing on footing. Negative requires hold-down. Lateral cases are sensitivity loads.
HB0.5,S1,402.11077920106993,Positive upward on frame / downward bearing on footing. Negative requires hold-down. Lateral cases are sensitivity loads.
HB0.5,S2,-325.30896827327956,Positive upward on frame / downward bearing on footing. Negative requires hold-down. Lateral cases are sensitivity loads.
HB0.5,N2,9261.216214984353,Positive upward on frame / downward bearing on footing. Negative requires hold-down. Lateral cases are sensitivity loads.
HB0.5,S3,8807.769272135145,Positive upward on frame / downward bearing on footing. Negative requires hold-down. Lateral cases are sensitivity loads.
HB0.5,SW0,-2288.897907851764,Positive upward on frame / downward bearing on footing. Negative requires hold-down. Lateral cases are sensitivity loads.
HB0.5,N1 / U-W,2632.637689415255,Positive upward on frame / downward bearing on footing. Negative requires hold-down. Lateral cases are sensitivity loads.
HB0.75,W1,7736.865081661973,Positive upward on frame / downward bearing on footing. Negative requires hold-down. Lateral cases are sensitivity loads.
HB0.75,W3,7153.770734301545,Positive upward on frame / downward bearing on footing. Negative requires hold-down. Lateral cases are sensitivity loads.
HB0.75,W4,769.9297644843548,Positive upward on frame / downward bearing on footing. Negative requires hold-down. Lateral cases are sensitivity loads.
HB0.75,S1,405.9098570053649,Positive upward on frame / downward bearing on footing. Negative requires hold-down. Lateral cases are sensitivity loads.
HB0.75,S2,-375.983861160853,Positive upward on frame / downward bearing on footing. Negative requires hold-down. Lateral cases are sensitivity loads.
HB0.75,N2,9512.347922761894,Positive upward on frame / downward bearing on footing. Negative requires hold-down. Lateral cases are sensitivity loads.
HB0.75,S3,8971.045992242252,Positive upward on frame / downward bearing on footing. Negative requires hold-down. Lateral cases are sensitivity loads.
HB0.75,SW0,-2283.1957838590974,Positive upward on frame / downward bearing on footing. Negative requires hold-down. Lateral cases are sensitivity loads.
HB0.75,N1 / U-W,2527.915995178683,Positive upward on frame / downward bearing on footing. Negative requires hold-down. Lateral cases are sensitivity loads.
HT0.25,W1,9176.236072655973,Positive upward on frame / downward bearing on footing. Negative requires hold-down. Lateral cases are sensitivity loads.
HT0.25,W3,7096.597507731966,Positive upward on frame / downward bearing on footing. Negative requires hold-down. Lateral cases are sensitivity loads.
HT0.25,W4,688.7928987389387,Positive upward on frame / downward bearing on footing. Negative requires hold-down. Lateral cases are sensitivity loads.
HT0.25,S1,435.3824301992695,Positive upward on frame / downward bearing on footing. Negative requires hold-down. Lateral cases are sensitivity loads.
HT0.25,S2,-275.6027774566643,Positive upward on frame / downward bearing on footing. Negative requires hold-down. Lateral cases are sensitivity loads.
HT0.25,N2,8914.98836894086,Positive upward on frame / downward bearing on footing. Negative requires hold-down. Lateral cases are sensitivity loads.
HT0.25,S3,8772.439839911007,Positive upward on frame / downward bearing on footing. Negative requires hold-down. Lateral cases are sensitivity loads.
HT0.25,SW0,-2902.424559383713,Positive upward on frame / downward bearing on footing. Negative requires hold-down. Lateral cases are sensitivity loads.
HT0.25,N1 / U-W,2512.1956987929693,Positive upward on frame / downward bearing on footing. Negative requires hold-down. Lateral cases are sensitivity loads.
HT0.5,W1,8684.01864113886,Positive upward on frame / downward bearing on footing. Negative requires hold-down. Lateral cases are sensitivity loads.
HT0.5,W3,7012.135419669137,Positive upward on frame / downward bearing on footing. Negative requires hold-down. Lateral cases are sensitivity loads.
HT0.5,W4,709.1091080089311,Positive upward on frame / downward bearing on footing. Negative requires hold-down. Lateral cases are sensitivity loads.
HT0.5,S1,432.8957838967024,Positive upward on frame / downward bearing on footing. Negative requires hold-down. Lateral cases are sensitivity loads.
HT0.5,S2,-269.1438321140639,Positive upward on frame / downward bearing on footing. Negative requires hold-down. Lateral cases are sensitivity loads.
HT0.5,N2,9005.898776194541,Positive upward on frame / downward bearing on footing. Negative requires hold-down. Lateral cases are sensitivity loads.
HT0.5,S3,9012.903656307168,Positive upward on frame / downward bearing on footing. Negative requires hold-down. Lateral cases are sensitivity loads.
HT0.5,SW0,-2686.313099107382,Positive upward on frame / downward bearing on footing. Negative requires hold-down. Lateral cases are sensitivity loads.
HT0.5,N1 / U-W,2517.1011044102515,Positive upward on frame / downward bearing on footing. Negative requires hold-down. Lateral cases are sensitivity loads.
HT0.75,W1,8194.5438763049,Positive upward on frame / downward bearing on footing. Negative requires hold-down. Lateral cases are sensitivity loads.
HT0.75,W3,6923.505499059663,Positive upward on frame / downward bearing on footing. Negative requires hold-down. Lateral cases are sensitivity loads.
HT0.75,W4,736.9576477722005,Positive upward on frame / downward bearing on footing. Negative requires hold-down. Lateral cases are sensitivity loads.
HT0.75,S1,428.3894317863735,Positive upward on frame / downward bearing on footing. Negative requires hold-down. Lateral cases are sensitivity loads.
HT0.75,S2,-256.0253691262523,Positive upward on frame / downward bearing on footing. Negative requires hold-down. Lateral cases are sensitivity loads.
HT0.75,N2,9095.506507714645,Positive upward on frame / downward bearing on footing. Negative requires hold-down. Lateral cases are sensitivity loads.
HT0.75,S3,9250.47095223985,Positive upward on frame / downward bearing on footing. Negative requires hold-down. Lateral cases are sensitivity loads.
HT0.75,SW0,-2473.7592106488564,Positive upward on frame / downward bearing on footing. Negative requires hold-down. Lateral cases are sensitivity loads.
HT0.75,N1 / U-W,2519.016166714765,Positive upward on frame / downward bearing on footing. Negative requires hold-down. Lateral cases are sensitivity loads.
storage125_strength_sensitivity,W1,19693.417999392652,Positive upward on frame / downward bearing on footing. Negative requires hold-down. Lateral cases are sensitivity loads.
storage125_strength_sensitivity,W3,21100.742731521914,Positive upward on frame / downward bearing on footing. Negative requires hold-down. Lateral cases are sensitivity loads.
storage125_strength_sensitivity,W4,89.9886275300157,Positive upward on frame / downward bearing on footing. Negative requires hold-down. Lateral cases are sensitivity loads.
storage125_strength_sensitivity,S1,354.27593328822616,Positive upward on frame / downward bearing on footing. Negative requires hold-down. Lateral cases are sensitivity loads.
storage125_strength_sensitivity,S2,-2069.486430214605,Positive upward on frame / downward bearing on footing. Negative requires hold-down. Lateral cases are sensitivity loads.
storage125_strength_sensitivity,N2,25569.49776750074,Positive upward on frame / downward bearing on footing. Negative requires hold-down. Lateral cases are sensitivity loads.
storage125_strength_sensitivity,S3,23102.379103990323,Positive upward on frame / downward bearing on footing. Negative requires hold-down. Lateral cases are sensitivity loads.
storage125_strength_sensitivity,SW0,-6847.906577852905,Positive upward on frame / downward bearing on footing. Negative requires hold-down. Lateral cases are sensitivity loads.
storage125_strength_sensitivity,N1 / U-W,7280.734431959895,Positive upward on frame / downward bearing on footing. Negative requires hold-down. Lateral cases are sensitivity loads.
strength_roof,W1,14664.550257034056,Positive upward on frame / downward bearing on footing. Negative requires hold-down. Lateral cases are sensitivity loads.
strength_roof,W3,12245.10339420109,Positive upward on frame / downward bearing on footing. Negative requires hold-down. Lateral cases are sensitivity loads.
strength_roof,W4,1725.4803455281206,Positive upward on frame / downward bearing on footing. Negative requires hold-down. Lateral cases are sensitivity loads.
strength_roof,S1,492.3625390431973,Positive upward on frame / downward bearing on footing. Negative requires hold-down. Lateral cases are sensitivity loads.
strength_roof,S2,134.73658579438123,Positive upward on frame / downward bearing on footing. Negative requires hold-down. Lateral cases are sensitivity loads.
strength_roof,N2,16316.08422595143,Positive upward on frame / downward bearing on footing. Negative requires hold-down. Lateral cases are sensitivity loads.
strength_roof,S3,16693.941041097136,Positive upward on frame / downward bearing on footing. Negative requires hold-down. Lateral cases are sensitivity loads.
strength_roof,SW0,-3645.629388291883,Positive upward on frame / downward bearing on footing. Negative requires hold-down. Lateral cases are sensitivity loads.
strength_roof,N1 / U-W,3386.5022122584733,Positive upward on frame / downward bearing on footing. Negative requires hold-down. Lateral cases are sensitivity loads.
strength_HB0.25,W1,12126.474551519837,Positive upward on frame / downward bearing on footing. Negative requires hold-down. Lateral cases are sensitivity loads.
strength_HB0.25,W3,12994.395187268594,Positive upward on frame / downward bearing on footing. Negative requires hold-down. Lateral cases are sensitivity loads.
strength_HB0.25,W4,1009.7683986723408,Positive upward on frame / downward bearing on footing. Negative requires hold-down. Lateral cases are sensitivity loads.
strength_HB0.25,S1,440.2758120000426,Positive upward on frame / downward bearing on footing. Negative requires hold-down. Lateral cases are sensitivity loads.
strength_HB0.25,S2,-624.3167041555417,Positive upward on frame / downward bearing on footing. Negative requires hold-down. Lateral cases are sensitivity loads.
strength_HB0.25,N2,16170.747988035886,Positive upward on frame / downward bearing on footing. Negative requires hold-down. Lateral cases are sensitivity loads.
strength_HB0.25,S3,14801.409000237014,Positive upward on frame / downward bearing on footing. Negative requires hold-down. Lateral cases are sensitivity loads.
strength_HB0.25,SW0,-3545.0435393543353,Positive upward on frame / downward bearing on footing. Negative requires hold-down. Lateral cases are sensitivity loads.
strength_HB0.25,N1 / U-W,4557.309600796589,Positive upward on frame / downward bearing on footing. Negative requires hold-down. Lateral cases are sensitivity loads.
strength_HB0.5,W1,12128.427614064773,Positive upward on frame / downward bearing on footing. Negative requires hold-down. Lateral cases are sensitivity loads.
strength_HB0.5,W3,12419.192268223262,Positive upward on frame / downward bearing on footing. Negative requires hold-down. Lateral cases are sensitivity loads.
strength_HB0.5,W4,1088.3077458772377,Positive upward on frame / downward bearing on footing. Negative requires hold-down. Lateral cases are sensitivity loads.
strength_HB0.5,S1,438.0547791977304,Positive upward on frame / downward bearing on footing. Negative requires hold-down. Lateral cases are sensitivity loads.
strength_HB0.5,S2,-708.1856355751485,Positive upward on frame / downward bearing on footing. Negative requires hold-down. Lateral cases are sensitivity loads.
strength_HB0.5,N2,16559.18635768134,Positive upward on frame / downward bearing on footing. Negative requires hold-down. Lateral cases are sensitivity loads.
strength_HB0.5,S3,15059.926929940058,Positive upward on frame / downward bearing on footing. Negative requires hold-down. Lateral cases are sensitivity loads.
strength_HB0.5,SW0,-3542.032946220867,Positive upward on frame / downward bearing on footing. Negative requires hold-down. Lateral cases are sensitivity loads.
strength_HB0.5,N1 / U-W,4488.143691116021,Positive upward on frame / downward bearing on footing. Negative requires hold-down. Lateral cases are sensitivity loads.
strength_HB0.75,W1,12118.126264402186,Positive upward on frame / downward bearing on footing. Negative requires hold-down. Lateral cases are sensitivity loads.
strength_HB0.75,W3,11796.04675995753,Positive upward on frame / downward bearing on footing. Negative requires hold-down. Lateral cases are sensitivity loads.
strength_HB0.75,W4,1292.7282861946458,Positive upward on frame / downward bearing on footing. Negative requires hold-down. Lateral cases are sensitivity loads.
strength_HB0.75,S1,444.1356215194388,Positive upward on frame / downward bearing on footing. Negative requires hold-down. Lateral cases are sensitivity loads.
strength_HB0.75,S2,-788.9841653351077,Positive upward on frame / downward bearing on footing. Negative requires hold-down. Lateral cases are sensitivity loads.
strength_HB0.75,N2,16960.646110372276,Positive upward on frame / downward bearing on footing. Negative requires hold-down. Lateral cases are sensitivity loads.
strength_HB0.75,S3,15321.031075930876,Positive upward on frame / downward bearing on footing. Negative requires hold-down. Lateral cases are sensitivity loads.
strength_HB0.75,SW0,-3532.8324602330226,Positive upward on frame / downward bearing on footing. Negative requires hold-down. Lateral cases are sensitivity loads.
strength_HB0.75,N1 / U-W,4320.1230929193,Positive upward on frame / downward bearing on footing. Negative requires hold-down. Lateral cases are sensitivity loads.
strength_HT0.25,W1,14422.946420682272,Positive upward on frame / downward bearing on footing. Negative requires hold-down. Lateral cases are sensitivity loads.
strength_HT0.25,W3,11707.272054508545,Positive upward on frame / downward bearing on footing. Negative requires hold-down. Lateral cases are sensitivity loads.
strength_HT0.25,W4,1158.5851920543048,Positive upward on frame / downward bearing on footing. Negative requires hold-down. Lateral cases are sensitivity loads.
strength_HT0.25,S1,492.039340092606,Positive upward on frame / downward bearing on footing. Negative requires hold-down. Lateral cases are sensitivity loads.
strength_HT0.25,S2,-629.2335430024374,Positive upward on frame / downward bearing on footing. Negative requires hold-down. Lateral cases are sensitivity loads.
strength_HT0.25,N2,16004.714925917622,Positive upward on frame / downward bearing on footing. Negative requires hold-down. Lateral cases are sensitivity loads.
strength_HT0.25,S3,15002.498494033776,Positive upward on frame / downward bearing on footing. Negative requires hold-down. Lateral cases are sensitivity loads.
strength_HT0.25,SW0,-4524.915012982171,Positive upward on frame / downward bearing on footing. Negative requires hold-down. Lateral cases are sensitivity loads.
strength_HT0.25,N1 / U-W,4297.111388838569,Positive upward on frame / downward bearing on footing. Negative requires hold-down. Lateral cases are sensitivity loads.
strength_HT0.5,W1,13634.92459468572,Positive upward on frame / downward bearing on footing. Negative requires hold-down. Lateral cases are sensitivity loads.
strength_HT0.5,W3,11571.987649991674,Positive upward on frame / downward bearing on footing. Negative requires hold-down. Lateral cases are sensitivity loads.
strength_HT0.5,W4,1191.4357846243613,Positive upward on frame / downward bearing on footing. Negative requires hold-down. Lateral cases are sensitivity loads.
strength_HT0.5,S1,488.1195208192516,Positive upward on frame / downward bearing on footing. Negative requires hold-down. Lateral cases are sensitivity loads.
strength_HT0.5,S2,-619.2128036427484,Positive upward on frame / downward bearing on footing. Negative requires hold-down. Lateral cases are sensitivity loads.
strength_HT0.5,N2,16150.094754295422,Positive upward on frame / downward bearing on footing. Negative requires hold-down. Lateral cases are sensitivity loads.
strength_HT0.5,S3,15387.560476817911,Positive upward on frame / downward bearing on footing. Negative requires hold-down. Lateral cases are sensitivity loads.
strength_HT0.5,SW0,-4178.763546308083,Positive upward on frame / downward bearing on footing. Negative requires hold-down. Lateral cases are sensitivity loads.
strength_HT0.5,N1 / U-W,4304.872892706252,Positive upward on frame / downward bearing on footing. Negative requires hold-down. Lateral cases are sensitivity loads.
strength_HT0.75,W1,12851.217043648814,Positive upward on frame / downward bearing on footing. Negative requires hold-down. Lateral cases are sensitivity loads.
strength_HT0.75,W3,11430.027947059009,Positive upward on frame / downward bearing on footing. Negative requires hold-down. Lateral cases are sensitivity loads.
strength_HT0.75,W4,1236.303091030459,Positive upward on frame / downward bearing on footing. Negative requires hold-down. Lateral cases are sensitivity loads.
strength_HT0.75,S1,480.95641173739074,Positive upward on frame / downward bearing on footing. Negative requires hold-down. Lateral cases are sensitivity loads.
strength_HT0.75,S2,-598.4722579363462,Positive upward on frame / downward bearing on footing. Negative requires hold-down. Lateral cases are sensitivity loads.
strength_HT0.75,N2,16293.39272286199,Positive upward on frame / downward bearing on footing. Negative requires hold-down. Lateral cases are sensitivity loads.
strength_HT0.75,S3,15767.909615626842,Positive upward on frame / downward bearing on footing. Negative requires hold-down. Lateral cases are sensitivity loads.
strength_HT0.75,SW0,-3838.182813154043,Positive upward on frame / downward bearing on footing. Negative requires hold-down. Lateral cases are sensitivity loads.
strength_HT0.75,N1 / U-W,4307.867895285319,Positive upward on frame / downward bearing on footing. Negative requires hold-down. Lateral cases are sensitivity loads.
lateral_HX,W1,4478.124496995171,Positive upward on frame / downward bearing on footing. Negative requires hold-down. Lateral cases are sensitivity loads.
lateral_HX,W3,4856.9662715172435,Positive upward on frame / downward bearing on footing. Negative requires hold-down. Lateral cases are sensitivity loads.
lateral_HX,W4,-10640.873752866524,Positive upward on frame / downward bearing on footing. Negative requires hold-down. Lateral cases are sensitivity loads.
lateral_HX,S1,207.51798613808032,Positive upward on frame / downward bearing on footing. Negative requires hold-down. Lateral cases are sensitivity loads.
lateral_HX,S2,-353.7633209382247,Positive upward on frame / downward bearing on footing. Negative requires hold-down. Lateral cases are sensitivity loads.
lateral_HX,N2,4258.701354552731,Positive upward on frame / downward bearing on footing. Negative requires hold-down. Lateral cases are sensitivity loads.
lateral_HX,S3,5045.47500551009,Positive upward on frame / downward bearing on footing. Negative requires hold-down. Lateral cases are sensitivity loads.
lateral_HX,SW0,-1012.7515044155333,Positive upward on frame / downward bearing on footing. Negative requires hold-down. Lateral cases are sensitivity loads.
lateral_HX,N1 / U-W,9567.025434811483,Positive upward on frame / downward bearing on footing. Negative requires hold-down. Lateral cases are sensitivity loads.
strength_lateral_HX_1,W1,7638.888332706281,Positive upward on frame / downward bearing on footing. Negative requires hold-down. Lateral cases are sensitivity loads.
strength_lateral_HX_1,W3,8731.402094194753,Positive upward on frame / downward bearing on footing. Negative requires hold-down. Lateral cases are sensitivity loads.
strength_lateral_HX_1,W4,-10555.351596370823,Positive upward on frame / downward bearing on footing. Negative requires hold-down. Lateral cases are sensitivity loads.
strength_lateral_HX_1,S1,253.96613232476466,Positive upward on frame / downward bearing on footing. Negative requires hold-down. Lateral cases are sensitivity loads.
strength_lateral_HX_1,S2,-909.7980823391375,Positive upward on frame / downward bearing on footing. Negative requires hold-down. Lateral cases are sensitivity loads.
strength_lateral_HX_1,N2,9931.885918521946,Positive upward on frame / downward bearing on footing. Negative requires hold-down. Lateral cases are sensitivity loads.
strength_lateral_HX_1,S3,9564.175225874953,Positive upward on frame / downward bearing on footing. Negative requires hold-down. Lateral cases are sensitivity loads.
strength_lateral_HX_1,SW0,-2181.3308675981143,Positive upward on frame / downward bearing on footing. Negative requires hold-down. Lateral cases are sensitivity loads.
strength_lateral_HX_1,N1 / U-W,11354.804180241013,Positive upward on frame / downward bearing on footing. Negative requires hold-down. Lateral cases are sensitivity loads.
strength_lateral_HX_-1,W1,6892.062232012293,Positive upward on frame / downward bearing on footing. Negative requires hold-down. Lateral cases are sensitivity loads.
strength_lateral_HX_-1,W3,4018.935457165486,Positive upward on frame / downward bearing on footing. Negative requires hold-down. Lateral cases are sensitivity loads.
strength_lateral_HX_-1,W4,12632.39062625641,Positive upward on frame / downward bearing on footing. Negative requires hold-down. Lateral cases are sensitivity loads.
strength_lateral_HX_-1,S1,749.6686785372747,Positive upward on frame / downward bearing on footing. Negative requires hold-down. Lateral cases are sensitivity loads.
strength_lateral_HX_-1,S2,783.1978198032414,Positive upward on frame / downward bearing on footing. Negative requires hold-down. Lateral cases are sensitivity loads.
strength_lateral_HX_-1,N2,8554.926235379653,Positive upward on frame / downward bearing on footing. Negative requires hold-down. Lateral cases are sensitivity loads.
strength_lateral_HX_-1,S3,8062.689414564227,Positive upward on frame / downward bearing on footing. Negative requires hold-down. Lateral cases are sensitivity loads.
strength_lateral_HX_-1,SW0,-1578.1245838939785,Positive upward on frame / downward bearing on footing. Negative requires hold-down. Lateral cases are sensitivity loads.
strength_lateral_HX_-1,N1 / U-W,-6287.100873632303,Positive upward on frame / downward bearing on footing. Negative requires hold-down. Lateral cases are sensitivity loads.
strength_lateral_HX_2,W1,8014.14012692097,Positive upward on frame / downward bearing on footing. Negative requires hold-down. Lateral cases are sensitivity loads.
strength_lateral_HX_2,W3,11115.92517828927,Positive upward on frame / downward bearing on footing. Negative requires hold-down. Lateral cases are sensitivity loads.
strength_lateral_HX_2,W4,-22176.239455056915,Positive upward on frame / downward bearing on footing. Negative requires hold-down. Lateral cases are sensitivity loads.
strength_lateral_HX_2,S1,3.569120199312209,Positive upward on frame / downward bearing on footing. Negative requires hold-down. Lateral cases are sensitivity loads.
strength_lateral_HX_2,S2,-1761.930747847446,Positive upward on frame / downward bearing on footing. Negative requires hold-down. Lateral cases are sensitivity loads.
strength_lateral_HX_2,N2,10624.43688757555,Positive upward on frame / downward bearing on footing. Negative requires hold-down. Lateral cases are sensitivity loads.
strength_lateral_HX_2,S3,10320.193877729072,Positive upward on frame / downward bearing on footing. Negative requires hold-down. Lateral cases are sensitivity loads.
strength_lateral_HX_2,SW0,-2484.6175769571473,Positive upward on frame / downward bearing on footing. Negative requires hold-down. Lateral cases are sensitivity loads.
strength_lateral_HX_2,N1 / U-W,20173.140258591447,Positive upward on frame / downward bearing on footing. Negative requires hold-down. Lateral cases are sensitivity loads.
strength_lateral_HX_-2,W1,6520.39552484819,Positive upward on frame / downward bearing on footing. Negative requires hold-down. Lateral cases are sensitivity loads.
strength_lateral_HX_-2,W3,1690.4932263576575,Positive upward on frame / downward bearing on footing. Negative requires hold-down. Lateral cases are sensitivity loads.
strength_lateral_HX_-2,W4,24199.78305484312,Positive upward on frame / downward bearing on footing. Negative requires hold-down. Lateral cases are sensitivity loads.
strength_lateral_HX_-2,S1,995.1162881248713,Positive upward on frame / downward bearing on footing. Negative requires hold-down. Lateral cases are sensitivity loads.
strength_lateral_HX_-2,S2,1623.8362178912162,Positive upward on frame / downward bearing on footing. Negative requires hold-down. Lateral cases are sensitivity loads.
strength_lateral_HX_-2,N2,7870.515334494695,Positive upward on frame / downward bearing on footing. Negative requires hold-down. Lateral cases are sensitivity loads.
strength_lateral_HX_-2,S3,7317.278749956453,Positive upward on frame / downward bearing on footing. Negative requires hold-down. Lateral cases are sensitivity loads.
strength_lateral_HX_-2,SW0,-1278.094855311041,Positive upward on frame / downward bearing on footing. Negative requires hold-down. Lateral cases are sensitivity loads.
strength_lateral_HX_-2,N1 / U-W,-15110.687431664424,Positive upward on frame / downward bearing on footing. Negative requires hold-down. Lateral cases are sensitivity loads.
lateral_HZ,W1,4110.465506498423,Positive upward on frame / downward bearing on footing. Negative requires hold-down. Lateral cases are sensitivity loads.
lateral_HZ,W3,2345.221938282791,Positive upward on frame / downward bearing on footing. Negative requires hold-down. Lateral cases are sensitivity loads.
lateral_HZ,W4,1206.3795487095538,Positive upward on frame / downward bearing on footing. Negative requires hold-down. Lateral cases are sensitivity loads.
lateral_HZ,S1,344.61499969182034,Positive upward on frame / downward bearing on footing. Negative requires hold-down. Lateral cases are sensitivity loads.
lateral_HZ,S2,-5910.064428439252,Positive upward on frame / downward bearing on footing. Negative requires hold-down. Lateral cases are sensitivity loads.
lateral_HZ,N2,5905.268929961163,Positive upward on frame / downward bearing on footing. Negative requires hold-down. Lateral cases are sensitivity loads.
lateral_HZ,S3,8477.896845428979,Positive upward on frame / downward bearing on footing. Negative requires hold-down. Lateral cases are sensitivity loads.
lateral_HZ,SW0,-715.6504432400034,Positive upward on frame / downward bearing on footing. Negative requires hold-down. Lateral cases are sensitivity loads.
lateral_HZ,N1 / U-W,642.2922106515967,Positive upward on frame / downward bearing on footing. Negative requires hold-down. Lateral cases are sensitivity loads.
strength_lateral_HZ_1,W1,7270.172456001916,Positive upward on frame / downward bearing on footing. Negative requires hold-down. Lateral cases are sensitivity loads.
strength_lateral_HZ_1,W3,6216.664365922278,Positive upward on frame / downward bearing on footing. Negative requires hold-down. Lateral cases are sensitivity loads.
strength_lateral_HZ_1,W4,1302.0900850833452,Positive upward on frame / downward bearing on footing. Negative requires hold-down. Lateral cases are sensitivity loads.
strength_lateral_HZ_1,S1,393.0797575160449,Positive upward on frame / downward bearing on footing. Negative requires hold-down. Lateral cases are sensitivity loads.
strength_lateral_HZ_1,S2,-6469.559863539737,Positive upward on frame / downward bearing on footing. Negative requires hold-down. Lateral cases are sensitivity loads.
strength_lateral_HZ_1,N2,11577.663846711535,Positive upward on frame / downward bearing on footing. Negative requires hold-down. Lateral cases are sensitivity loads.
strength_lateral_HZ_1,S3,12998.321686603216,Positive upward on frame / downward bearing on footing. Negative requires hold-down. Lateral cases are sensitivity loads.
strength_lateral_HZ_1,SW0,-1883.1883111068732,Positive upward on frame / downward bearing on footing. Negative requires hold-down. Lateral cases are sensitivity loads.
strength_lateral_HZ_1,N1 / U-W,2423.401826378141,Positive upward on frame / downward bearing on footing. Negative requires hold-down. Lateral cases are sensitivity loads.
strength_lateral_HZ_-1,W1,7259.883560954693,Positive upward on frame / downward bearing on footing. Negative requires hold-down. Lateral cases are sensitivity loads.
strength_lateral_HZ_-1,W3,6515.010252539682,Positive upward on frame / downward bearing on footing. Negative requires hold-down. Lateral cases are sensitivity loads.
strength_lateral_HZ_-1,W4,793.7157088178358,Positive upward on frame / downward bearing on footing. Negative requires hold-down. Lateral cases are sensitivity loads.
strength_lateral_HZ_-1,S1,611.2457352146126,Positive upward on frame / downward bearing on footing. Negative requires hold-down. Lateral cases are sensitivity loads.
strength_lateral_HZ_-1,S2,6347.630992944141,Positive upward on frame / downward bearing on footing. Negative requires hold-down. Lateral cases are sensitivity loads.
strength_lateral_HZ_-1,N2,6906.708754090103,Positive upward on frame / downward bearing on footing. Negative requires hold-down. Lateral cases are sensitivity loads.
strength_lateral_HZ_-1,S3,4624.7994140825385,Positive upward on frame / downward bearing on footing. Negative requires hold-down. Lateral cases are sensitivity loads.
strength_lateral_HZ_-1,SW0,-1875.59900552703,Positive upward on frame / downward bearing on footing. Negative requires hold-down. Lateral cases are sensitivity loads.
strength_lateral_HZ_-1,N1 / U-W,2645.2536004888,Positive upward on frame / downward bearing on footing. Negative requires hold-down. Lateral cases are sensitivity loads.
strength_lateral_HZ_2,W1,7275.78446018928,Positive upward on frame / downward bearing on footing. Negative requires hold-down. Lateral cases are sensitivity loads.
strength_lateral_HZ_2,W3,6067.612555179209,Positive upward on frame / downward bearing on footing. Negative requires hold-down. Lateral cases are sensitivity loads.
strength_lateral_HZ_2,W4,1557.5582388733553,Positive upward on frame / downward bearing on footing. Negative requires hold-down. Lateral cases are sensitivity loads.
strength_lateral_HZ_2,S1,282.6390707224158,Positive upward on frame / downward bearing on footing. Negative requires hold-down. Lateral cases are sensitivity loads.
strength_lateral_HZ_2,S2,-12877.422409654535,Positive upward on frame / downward bearing on footing. Negative requires hold-down. Lateral cases are sensitivity loads.
strength_lateral_HZ_2,N2,13913.642512377635,Positive upward on frame / downward bearing on footing. Negative requires hold-down. Lateral cases are sensitivity loads.
strength_lateral_HZ_2,S3,17185.093634037963,Positive upward on frame / downward bearing on footing. Negative requires hold-down. Lateral cases are sensitivity loads.
strength_lateral_HZ_2,SW0,-1887.587968962193,Positive upward on frame / downward bearing on footing. Negative requires hold-down. Lateral cases are sensitivity loads.
strength_lateral_HZ_2,N1 / U-W,2311.3210481222395,Positive upward on frame / downward bearing on footing. Negative requires hold-down. Lateral cases are sensitivity loads.
strength_lateral_HZ_-2,W1,7255.193833516866,Positive upward on frame / downward bearing on footing. Negative requires hold-down. Lateral cases are sensitivity loads.
strength_lateral_HZ_-2,W3,6664.189553521427,Positive upward on frame / downward bearing on footing. Negative requires hold-down. Lateral cases are sensitivity loads.
strength_lateral_HZ_-2,W4,541.0460512453329,Positive upward on frame / downward bearing on footing. Negative requires hold-down. Lateral cases are sensitivity loads.
strength_lateral_HZ_-2,S1,718.8857426560764,Positive upward on frame / downward bearing on footing. Negative requires hold-down. Lateral cases are sensitivity loads.
strength_lateral_HZ_-2,S2,12757.023870852116,Positive upward on frame / downward bearing on footing. Negative requires hold-down. Lateral cases are sensitivity loads.
strength_lateral_HZ_-2,N2,4571.705412509772,Positive upward on frame / downward bearing on footing. Negative requires hold-down. Lateral cases are sensitivity loads.
strength_lateral_HZ_-2,S3,438.1150698343495,Positive upward on frame / downward bearing on footing. Negative requires hold-down. Lateral cases are sensitivity loads.
strength_lateral_HZ_-2,SW0,-1872.4283643423428,Positive upward on frame / downward bearing on footing. Negative requires hold-down. Lateral cases are sensitivity loads.
strength_lateral_HZ_-2,N1 / U-W,2754.91577104158,Positive upward on frame / downward bearing on footing. Negative requires hold-down. Lateral cases are sensitivity loads.
