tilt,solar_kw,battery_kwh,annual_solar_kwh,august_kwh,annual_import_kwh,annual_export_kwh,annual_bill,first_year_saving,roof_fits_22pct_90pct,upfront,annual_equipment,annual_net_saving,npv
30,2.0,0.0,3229.6400000000003,299.6,8071.89520852999,205.28752707571192,3318.1987788917504,985.0566812709194,True,15120.0,1166.6598445893503,-226.95561476095065,-3198.6998533934466
30,2.5,0.0,4037.05,374.50000000000006,7641.917893583794,582.7202121295151,3135.9461607098533,1167.3092994528165,True,16400.0,1263.8789899323644,-150.3131342106558,-2118.504981113424
30,3.0,0.0,4844.460000000001,449.4000000000001,7344.434637443161,1092.6469559888824,2988.4203098219214,1314.8351503407484,True,17680.0,1361.0981352753781,-106.79858501178546,-1505.2133368881232
30,3.5,0.0,5651.87,524.3000000000001,7118.202563751025,1673.8248822967464,2864.052728428992,1439.2027317336779,True,18960.0,1458.3172806183923,-85.37608819297043,-1203.2858542574713
30,4.0,0.0,6459.280000000001,599.2,6948.719067869424,2311.751386415147,2761.110782364846,1542.144677797824,True,20240.0,1555.5364259614062,-84.39278084215789,-1189.4271749637383
30,4.5,0.0,7266.6900000000005,674.1,6816.119677653793,2986.5619961995144,2671.8490590206725,1631.4064011419973,True,21520.0,1652.7555713044203,-96.45985262117097,-1359.499815691629
30,5.0,0.0,8074.1,749.0000000000001,6706.603513564246,3684.4558321099685,2591.277954145693,1711.9775060169768,True,22800.0,1749.974716647434,-116.81742289697013,-1646.4182826581064
30,5.5,0.0,8881.51,823.9000000000001,6613.635827562908,4398.89814610863,2517.2688521965547,1785.9866079661151,True,24080.0,1847.193861990448,-143.43487854058822,-2021.563226988411
30,6.0,0.0,9688.920000000002,898.8000000000002,6534.340250686464,5127.012569232187,2448.502662436108,1854.7527977265618,True,25360.0,1944.413007333462,-175.0538603440773,-2467.199403761563
30,6.5,0.0,10496.33,973.7,6466.8536878155255,5866.936006361248,2384.035539835618,1919.219920327052,True,26640.0,2041.6321526764762,-210.7739783271768,-2970.6367665079442
30,7.0,0.0,11303.74,1048.6000000000001,6408.605748644892,6616.098067190614,2342.298463668322,1960.956996494348,True,27920.0,2138.85129801949,-268.17764121036316,-3779.6808090714962
30,7.5,0.0,12111.15,1123.5000000000002,6356.987539327932,7371.889857873653,2358.5887302064307,1944.6667299562391,False,29200.0,2236.070443362504,-380.937041913244,-5368.905551878324
30,8.0,0.0,12918.560000000001,1198.4,6311.787485524006,8134.099804069728,2377.526402514494,1925.729057648176,False,30480.0,2333.289588705518,-496.22196063696447,-6993.724805671417
30,8.5,0.0,13725.97,1273.3000000000002,6272.400812464099,8902.12313100982,2398.65312106216,1904.6023391005097,False,31760.0,2430.508734048532,-613.5951409295428,-8647.975902255392
30,2.0,13.5,3229.6400000000003,299.6,7887.136434161849,0.0,3218.223940975514,1085.031519187156,True,29370.0,2469.538261815239,-1434.4620804509275,-20217.229043968593
30,2.5,13.5,4037.05,374.50000000000006,7117.46970266723,0.0,2847.696511333303,1455.5589488293667,True,30650.0,2566.7574071582526,-1178.2130452086367,-16605.669346161303
30,3.0,13.5,4844.460000000001,449.4000000000001,6361.052377053166,0.0,2438.5103562808245,1864.7451038818454,True,31930.0,2663.976552501267,-885.0851496139317,-12474.341034888166
30,3.5,13.5,5651.87,524.3000000000001,5611.760169683953,0.0,2029.2646349057322,2273.9908252569376,True,33210.0,2761.195697844281,-591.9004301568234,-8342.211851248308
30,4.0,13.5,6459.280000000001,599.2,4877.925358640701,10.869487272119919,1648.1788467605902,2655.0766134020796,True,34490.0,2858.414843187295,-325.57914797291687,-4588.694463390366
30,4.5,13.5,7266.6900000000005,674.1,4190.894798343472,69.64546363249056,1353.7119991294608,2949.543461033209,True,35770.0,2955.6339885303087,-141.88883142974328,-1999.773324711669
30,5.0,13.5,8074.1,749.0000000000001,3670.347629309576,310.83818293811163,1133.7563541298487,3169.499106032821,True,37050.0,3052.853133873323,-29.279188327716838,-412.65925722962186
30,5.5,13.5,8881.51,823.9000000000001,3272.2525095188303,686.2500149485425,963.3082051068343,3339.9472550558357,True,38330.0,3150.072279216337,36.10230611854058,508.82390114109626
30,6.0,13.5,9688.920000000002,898.8000000000002,2992.072136601188,1191.1591091374341,838.633436810996,3464.6220233516738,True,39610.0,3247.2914245593506,57.81784681746922,814.8815279734802
30,6.5,13.5,10496.33,973.7,2789.859484767746,1781.3868918637136,741.4405176868017,3561.814942475868,True,40890.0,3344.5105699023643,53.31681500731065,751.4442351510963
30,7.0,13.5,11303.74,1048.6000000000001,2629.9387810692324,2417.5792143287686,660.3399003147574,3642.9155598479124,True,42170.0,3441.729715245379,33.46437823570341,471.6450917911634
30,7.5,13.5,12111.15,1123.5000000000002,2501.082855656637,3087.5513204611034,645.2596456987412,3657.9958144639286,False,43450.0,3538.9488605883926,-49.368814177904824,-695.8013303147482
30,8.0,13.5,12918.560000000001,1198.4,2397.9472106870226,3785.38838758419,659.4763027545449,3643.779157408125,False,44730.0,3636.1680059314067,-160.15007530914227,-2257.146283654937
30,8.5,13.5,13725.97,1273.3000000000002,2317.6354983816054,4507.939448695938,680.1611333536446,3623.094326809025,False,46010.0,3733.3871512744204,-277.1017123725096,-3905.456173334226
30,2.0,27.0,3229.6400000000003,299.6,7887.13643416185,0.0,3215.0170375692333,1088.2384225934366,True,41120.0,3543.8415181243045,-2505.70608062496,-35315.282599129445
30,2.5,27.0,4037.05,374.50000000000006,7117.46970266723,0.0,2844.489607927022,1458.7658522356478,True,42400.0,3641.060663467318,-2249.457045382669,-31703.72290132215
30,3.0,27.0,4844.460000000001,449.4000000000001,6361.052377053167,0.0,2434.2542359062136,1869.0012242564562,True,43680.0,3738.2798088103323,-1955.328239239471,-27558.28781226299
30,3.5,27.0,5651.87,524.3000000000001,5611.760169683953,0.0,2019.4993153530497,2283.7561448096203,True,44960.0,3835.4989541533464,-1656.8879666055427,-23352.087153485125
30,4.0,27.0,6459.280000000001,599.2,4868.142820095793,0.0,1613.505554459316,2689.7499057033538,True,46240.0,3932.71809949636,-1366.8054859105991,-19263.680750989846
30,4.5,27.0,7266.6900000000005,674.1,4128.334765211247,0.1343157077965711,1288.6578917978193,3014.5975683648503,True,47520.0,4029.9372448393738,-1154.1331006880523,-16266.287942934758
30,5.0,27.0,8074.1,749.0000000000001,3392.049304867277,1.6178224466682458,1041.1566947000315,3262.0987654626383,True,48800.0,4127.156390182388,-1015.2461150617178,-14308.822466572135
30,5.5,27.0,8881.51,823.9000000000001,2678.0043715202683,25.974306061251305,833.1965565963392,3470.0589035663306,True,50080.0,4224.3755355254025,-914.0797003376642,-12882.988625505832
30,6.0,27.0,9688.920000000002,898.8000000000002,2123.0440936551413,225.57239475293775,673.8997441847504,3629.3557159779193,True,51360.0,4321.594680868416,-859.3361299634275,-12111.435779303978
30,6.5,27.0,10496.33,973.7,1677.5765515355426,545.5169660501543,557.8192601678007,3745.436199994869,True,52640.0,4418.81382621143,-845.8191888403107,-11920.928760412278
30,7.0,27.0,11303.74,1048.6000000000001,1311.7485749728999,952.9234297772881,466.7047743937797,3836.55068576889,True,53920.0,4516.032971554444,-856.1188002027834,-12066.090912006774
30,7.5,27.0,12111.15,1123.5000000000002,1024.3231089932779,1446.7071575018151,431.71073237293444,3871.5447277897356,False,55200.0,4613.252116897458,-919.9550449158019,-12965.795406296518
30,8.0,27.0,12918.560000000001,1198.4,816.9200686527668,2028.6915631016834,440.6444261577749,3862.611034004895,False,56480.0,4710.471262240472,-1025.696572774687,-14456.110638268521
30,8.5,27.0,13725.97,1273.3000000000002,670.8329126711774,2678.1587979065735,457.75919143846477,3845.496268724205,False,57760.0,4807.690407583486,-1139.2425119282207,-16056.42081039791
13,2.0,0.0,3093.22,307.81999999999994,8130.672691413595,127.64500995931762,3334.1698973928,969.0855627698697,True,15120.0,1166.6598445893503,-242.19141580253483,-3413.4323886928205
13,2.5,0.0,3866.5249999999996,384.775,7675.157477321816,445.434795867538,3148.469236087705,1154.7862240749646,True,16400.0,1263.8789899323644,-162.2596415810176,-2286.8783937491507
13,3.0,0.0,4639.83,461.72999999999996,7354.512490837508,898.0948093832303,2995.844939431338,1307.4105207313319,True,17680.0,1361.0981352753781,-113.88138134374526,-1605.037875763349
13,3.5,0.0,5413.135,538.685,7120.807794934319,1437.6951134800406,2870.668708710345,1432.5867514523247,True,18960.0,1458.3172806183923,-91.68746577464162,-1292.2380600289243
13,4.0,0.0,6186.44,615.6399999999999,6941.959269056461,2032.1515876021836,2765.081838024221,1538.173622138449,True,20240.0,1555.5364259614062,-88.1810073178001,-1242.8182289150618
13,4.5,0.0,6959.745,692.5949999999999,6801.956861835972,2665.4541803816937,2674.1898448061224,1629.0656153565474,True,21520.0,1652.7555713044203,-98.69286757912414,-1390.9718047241686
13,5.0,0.0,7733.049999999999,769.55,6687.890387290025,3324.692705835746,2593.48190471488,1709.77355544779,True,22800.0,1749.974716647434,-118.91990259339332,-1676.0505149507271
13,5.5,0.0,8506.355,846.5049999999999,6590.6083433770755,4000.715661922797,2519.0156817101783,1784.2397784524915,True,24080.0,1847.193861990448,-145.1012832398826,-2045.0494424448618
13,6.0,0.0,9279.66,923.4599999999999,6507.394713522768,4690.807032068491,2449.277727432076,1853.9777327305937,True,25360.0,1944.413007333462,-175.79324099998348,-2477.6201937391133
13,6.5,0.0,10052.965,1000.4149999999997,6436.780091986738,5393.49741053246,2384.28454688474,1918.9709132779299,True,26640.0,2041.6321526764762,-211.0115209800681,-2973.984679489865
13,7.0,0.0,10826.27,1077.37,6376.26802641937,6106.290344965091,2323.4072468813238,1979.848213281346,False,27920.0,2138.85129801949,-250.156184517695,-3525.6873974456553
13,7.5,0.0,11599.574999999999,1154.3249999999998,6323.671594250226,6826.998912795947,2312.5274926534203,1990.7279675092495,False,29200.0,2236.070443362504,-336.9964843974576,-4749.60977004973
13,8.0,0.0,12372.88,1231.2799999999997,6277.686291497659,7554.318610043381,2329.0590649331816,1974.1963952294882,False,30480.0,2333.289588705518,-449.9860810174098,-6342.078881351096
13,8.5,0.0,13146.185,1308.235,6237.128927040296,8287.066245586018,2347.4094620357446,1955.8459981269252,False,31760.0,2430.508734048532,-564.7107629495076,-7959.002188859194
13,2.0,13.5,3093.22,307.81999999999994,8015.79218245021,0.0,3267.110553605393,1036.144906557277,True,29370.0,2469.538261815239,-1481.0979315077511,-20874.512143553788
13,2.5,13.5,3866.5249999999996,384.775,7274.266161041032,0.0,2919.0064366020943,1384.2490235605756,True,30650.0,2566.7574071582526,-1246.2398295327362,-17564.435073431443
13,3.0,13.5,4639.83,461.72999999999996,6546.227162392601,0.0,2532.069847369309,1771.1856127933606,True,31930.0,2663.976552501267,-974.3371197675776,-13732.253354643934
13,3.5,13.5,5413.135,538.685,5826.882192802283,0.0,2140.429829874812,2162.8256302878576,True,33210.0,2761.195697844281,-697.9475296875485,-9836.833793424177
13,4.0,13.5,6186.44,615.6399999999999,5114.127410065259,1.2272998341801595,1771.9478706188947,2531.307589543775,True,34490.0,2858.414843187295,-443.6497904574926,-6252.775553445263
13,4.5,13.5,6959.745,692.5949999999999,4435.182799887705,35.70522266139623,1462.677724397466,2840.577735765204,True,35770.0,2955.6339885303087,-245.83772583098016,-3464.82328010434
13,5.0,13.5,7733.049999999999,769.55,3882.72886979366,207.84657528422935,1228.878509372613,3074.376950790057,True,37050.0,3052.853133873323,-120.02187687706328,-1691.5816794179705
13,5.5,13.5,8506.355,846.5049999999999,3437.7420852890004,497.5309307138239,1033.8544136983342,3269.4010464643356,True,38330.0,3150.072279216337,-31.195923386648246,-439.6736148979933
13,6.0,13.5,9279.66,923.4599999999999,3089.9106210388627,893.6024848641493,885.2052248281362,3418.0502353345337,True,39610.0,3247.2914245593506,13.390244809923388,188.7213680768284
13,6.5,13.5,10052.965,1000.4149999999997,2827.61164264738,1383.3102445998393,773.523838566294,3529.7316215963756,True,40890.0,3344.5105699023643,22.710624611746425,320.0822843382059
13,7.0,13.5,10826.27,1077.37,2634.3359206545665,1948.5880052264201,688.6903578807318,3614.565102281938,False,42170.0,3441.729715245379,6.419188452366143,90.47168620664797
13,7.5,13.5,11599.574999999999,1154.3249999999998,2495.289084611285,2573.240568752679,626.4268674852109,3676.828592677459,False,43450.0,3538.9488605883926,-31.403105520569625,-442.5936284085574
13,8.0,13.5,12372.88,1231.2799999999997,2384.3909500573172,3228.434897331889,637.0653936354746,3666.190066527195,False,44730.0,3636.1680059314067,-138.77097449809116,-1955.8304219520987
13,8.5,13.5,13146.185,1308.235,2299.1319084394263,3911.5140026961617,653.6972661668101,3649.5581939958597,False,46010.0,3733.3871512744204,-251.85625350104556,-3549.6480754554495
13,2.0,27.0,3093.22,307.81999999999994,8015.79218245021,0.0,3263.9036501991122,1039.3518099635576,True,41120.0,3543.8415181243045,-2552.341931681784,-35972.56569871464
13,2.5,27.0,3866.5249999999996,384.775,7274.266161041032,0.0,2915.7995331958136,1387.4559269668562,True,42400.0,3641.060663467318,-2317.483829706769,-32662.4886285923
13,3.0,27.0,4639.83,461.72999999999996,6546.227162392602,0.0,2525.930061882372,1777.325398280298,True,43680.0,3738.2798088103323,-2042.78326906746,-28790.87415468046
13,3.5,27.0,5413.135,538.685,5826.882192802283,0.0,2132.021935756976,2171.233524405694,True,44960.0,3835.4989541533464,-1764.2299950952356,-24864.95975262565
13,4.0,27.0,6186.44,615.6399999999999,5113.022840214497,0.0,1743.662724184755,2559.592735977915,True,46240.0,3932.71809949636,-1490.9701611612509,-21013.650801033476
13,4.5,27.0,6959.745,692.5949999999999,4403.88809101018,0.9333239085906841,1417.7674886267118,2885.487971535958,True,47520.0,4029.9372448393738,-1277.298433768191,-18002.173319824673
13,5.0,27.0,7733.049999999999,769.55,3697.946969957633,2.533353244198959,1160.2450711888196,3143.0103889738502,True,48800.0,4127.156390182388,-1128.8516092811233,-15909.972004498559
13,5.5,27.0,8506.355,846.5049999999999,3044.1692288156937,60.22775685459478,941.4999262466231,3361.7555339160467,True,50080.0,4224.3755355254025,-1017.3967342709125,-14339.133174489196
13,6.0,27.0,9279.66,923.4599999999999,2499.6544961665722,237.76234611716,761.2336766761331,3542.0217834865366,True,51360.0,4321.594680868416,-942.6491690301896,-13285.645133539645
13,6.5,27.0,10052.965,1000.4149999999997,2004.8849119447323,469.1694327080078,627.8275043748008,3675.427955787869,True,52640.0,4418.81382621143,-912.6042220825598,-12862.193316769995
13,7.0,27.0,10826.27,1077.37,1590.9401455326379,789.259366202055,525.336586790892,3777.918873371778,False,53920.0,4516.032971554444,-912.0511776584503,-12854.398739314034
13,7.5,27.0,11599.574999999999,1154.3249999999998,1235.6086727648383,1173.5956667010714,442.9868652619209,3860.268594900749,False,55200.0,4613.252116897458,-930.7120195887878,-13117.403611035934
13,8.0,27.0,12372.88,1231.2799999999997,968.1726591350457,1654.859018529365,435.4636459461488,3867.791814216521,False,56480.0,4710.471262240472,-1020.7543180077892,-14386.454773552588
13,8.5,27.0,13146.185,1308.235,769.2024605395809,2211.5923939185554,442.4040270867268,3860.851433075943,False,57760.0,4807.690407583486,-1124.5943062306342,-15849.969811304109
