case,node,CAD_x_in,CAD_y_in,CAD_z_in,FX_lb,FY_lb,FZ_lb,MX_lb_in,MY_lb_in,MZ_lb_in
roof_first_service,N5,-32.0,0.0,115.0,-109.89726484847677,698.8623614069314,7.187556326789567,-27.532817856562122,196.01607314252212,1039.4836387793753
roof_first_service,N7,-32.0,0.0,153.373,12.241504095742988,-453.8047454429891,-8.060891281087969,431.7007005983029,-160.22445889573936,-984.0902991157328
roof_first_service,N68,224.25,0.0,115.0,136.05680990452873,667.2069735327445,13.602943670263288,78.34689378731971,192.79633688385894,-1084.9924354664006
roof_first_service,N70,224.25,0.0,153.373,-38.40104910244394,-428.5846989194532,-12.729608193408593,315.27907854734576,-4.795798782188706,850.3069844228712
strength_roof_first,N5,-32.0,0.0,115.0,-128.23000186936554,923.8081311398336,10.145146861973576,-40.84392045945997,256.8348436354817,1312.4752297826492
strength_roof_first,N7,-32.0,0.0,153.373,9.682485144186693,-627.4279435255621,-11.402726149711658,606.8192271903405,-187.70883998894186,-1257.0805363572783
strength_roof_first,N68,224.25,0.0,115.0,174.4679552804494,881.6129682524445,19.189395365692576,112.09853615703015,274.4328917499145,-1377.4893564336894
strength_roof_first,N70,224.25,0.0,153.373,-55.92043849469375,-597.5772871753798,-17.931815385373145,447.5805445921223,-21.3041098753354,1129.445578482606
lateral_HX,N5,-32.0,0.0,115.0,-204.01684319640026,439.56223012532206,-1.624204304922297,-61.3902148892999,686.2281152218766,615.3452478769755
lateral_HX,N7,-32.0,0.0,153.373,186.0559633619278,-233.81057934347044,-5.579962456880672,223.15595669175127,174.401136027689,-768.6413031587389
lateral_HX,N68,224.25,0.0,115.0,-22.074316947345896,507.11986611842843,9.585177983106389,49.79136711195474,531.6222885362331,-1077.4304769131898
lateral_HX,N70,224.25,0.0,153.373,40.03519710711337,-229.19162632042642,-2.3810110925186034,93.92933360579585,453.81618273428955,658.8971545599358
strength_lateral_HX_1,N5,-32.0,0.0,115.0,-227.81965383043385,536.7480538444204,-0.9467326692887552,-62.994508927575836,714.6235509302273,790.694544995125
strength_lateral_HX_1,N7,-32.0,0.0,153.373,191.0079237013089,-283.1404039938462,-6.327312397951861,265.10690355337505,140.07598791732602,-927.3732742513663
strength_lateral_HX_1,N68,224.25,0.0,115.0,-0.4628462919513986,600.0789606910425,10.87283523263943,56.41961404667324,548.642911119732,-1256.6797465221175
strength_lateral_HX_1,N70,224.25,0.0,153.373,37.274576756059616,-273.2707418447065,-3.5987899559495813,122.36232416462931,460.6315976480055,774.4199530225136
strength_lateral_HX_-1,N5,-32.0,0.0,115.0,-57.81407645288941,629.4818293829948,9.076392231021188,43.74298031587642,-373.8783138829214,1313.4970119388065
strength_lateral_HX_-1,N7,-32.0,0.0,153.373,-131.58439648728032,-308.8174913258811,-2.640886984712245,238.3044589745592,-551.9777566952552,-977.4103790588246
strength_lateral_HX_-1,N68,224.25,0.0,115.0,259.8004909715054,515.4301752970777,4.579051751951529,23.119349312932357,-344.3954310991871,-894.3114935559352
strength_lateral_HX_-1,N70,224.25,0.0,153.373,-70.40201825001408,-255.6786446593354,-11.014556416209619,218.83356237893273,-378.84661003755997,611.8536272308215
strength_lateral_HX_2,N5,-32.0,0.0,115.0,-312.8224425196162,490.38116607883757,-5.958295121513373,-116.36325354935508,1258.8744833381281,529.2933115243746
strength_lateral_HX_2,N7,-32.0,0.0,153.373,352.3040837964828,-270.30186033218826,-8.17052510624151,278.50812584283864,486.10286022512696,-902.3547218494148
strength_lateral_HX_2,N68,224.25,0.0,115.0,-130.59451492409917,642.4033533784515,14.0197269750061,73.06974641376816,995.1620822304831,-1437.8638730008586
strength_lateral_HX_2,N70,224.25,0.0,153.373,91.11287425981224,-282.0667904359826,0.10909326539758293,74.12670505756577,880.3707014882968,855.7031159174994
strength_lateral_HX_-2,N5,-32.0,0.0,115.0,27.18871223555655,675.8487171519555,14.087954676763916,97.11172493786884,-918.1292462881112,1574.8982454111463
strength_lateral_HX_-2,N7,-32.0,0.0,153.373,-292.88055658203757,-321.6560349888583,-0.7976742752204993,224.90323668486238,-898.004629004456,-1002.4289314610377
strength_lateral_HX_-2,N68,224.25,0.0,115.0,389.932159603452,473.1057825990371,1.432160008424275,6.469216945854296,-790.9146022104293,-713.1273670721565
strength_lateral_HX_-2,N70,224.25,0.0,153.373,-124.24031575303609,-246.88259606901968,-14.722439646593747,267.06918148612834,-798.585713881661,530.5704643368343
lateral_HZ,N5,-32.0,0.0,115.0,-110.95724901263611,496.4362367131363,1.4771422465942696,-27.793943148130584,339.17219873921704,943.4756608442234
lateral_HZ,N7,-32.0,0.0,153.373,44.585142668523964,-252.29860079247837,-4.274254349248442,201.3468578638083,-59.14257438425957,-805.8778268188025
lateral_HZ,N68,224.25,0.0,115.0,129.01162977617116,398.66849756725225,5.854810518585784,142.5434921784731,260.3160270136111,-809.8151286657364
lateral_HZ,N70,224.25,0.0,153.373,-62.639523421656484,-159.12624290722556,-3.057697590017324,-34.74738722136938,176.41441837619863,568.1997668670722
strength_lateral_HZ_1,N5,-32.0,0.0,115.0,-134.7600596471041,593.6220604350931,2.1546138809179936,-29.398237186677964,367.5676344495945,1118.824957962618
strength_lateral_HZ_1,N7,-32.0,0.0,153.373,49.53710300850165,-301.6284254443784,-5.021604286944415,243.2978047254629,-93.46772249512493,-964.6097979118132
strength_lateral_HZ_1,N68,224.25,0.0,115.0,150.62310043121002,491.6275921325835,7.142467767296976,149.17173911312784,277.33664959668454,-989.0643982722145
strength_lateral_HZ_1,N70,224.25,0.0,153.373,-65.40014377171953,-203.205358432746,-4.275476473680559,-6.314396662661406,183.22983328250106,683.7225653294245
strength_lateral_HZ_-1,N5,-32.0,0.0,115.0,-150.8736706365482,572.6078227964094,5.975045682053373,10.146708574557882,-26.82239740197867,985.3665989724749
strength_lateral_HZ_-1,N7,-32.0,0.0,153.373,9.886424205863165,-290.3294698790797,-3.9465950844291418,260.1135578020925,-318.4340462878962,-940.1738554004327
strength_lateral_HZ_-1,N68,224.25,0.0,115.0,108.71454424765088,623.8815438483368,8.309419219473646,-69.63277575382678,-73.08916957472846,-1161.9268418030606
strength_lateral_HZ_-1,N70,224.25,0.0,153.373,32.272702278540976,-325.7440280693892,-10.337869898915168,347.5102832062008,-101.4448456698176,702.5510149219884
strength_lateral_HZ_2,N5,-32.0,0.0,115.0,-126.70325415224275,604.1291792555128,0.2443979788470645,-49.17071006714116,564.7626503748057,1185.5541374583504
strength_lateral_HZ_2,N7,-32.0,0.0,153.373,69.36244240941832,-307.277903224017,-5.55910890108903,234.88992818709653,19.015439406470385,-976.8277691664296
strength_lateral_HZ_2,N68,224.25,0.0,115.0,171.57737852331732,425.50061628132926,6.55899201429727,258.57399654700174,452.54955916747616,-902.6331765092173
strength_lateral_HZ_2,N70,224.25,0.0,153.373,-114.23656679722464,-141.93602361196105,-1.244279779892379,-183.22673659667873,325.56717275187106,674.3083405321037
strength_lateral_HZ_-2,N5,-32.0,0.0,115.0,-158.9304761314188,562.1007039768032,7.8852615832568445,29.91918145515458,-224.0174133258557,918.6374194771786
strength_lateral_HZ_-2,N7,-32.0,0.0,153.373,-9.93891519460393,-284.679992094237,-3.4090904800505166,268.5214343408004,-430.91720818450267,-927.955884143759
strength_lateral_HZ_-2,N68,224.25,0.0,115.0,87.76026615561392,690.0085197082068,8.892894975920525,-179.03503318689576,-248.30207914827062,-1248.358063569911
strength_lateral_HZ_-2,N70,224.25,0.0,153.373,81.1091253036094,-387.01336288901206,-13.369066610655926,524.4226231403585,-243.782185146151,711.9652397189376
basic_Droof,N5,-32.0,0.0,115.0,5.427340744092658,115.83851313820315,2.0024604746309675,-9.030473476071746,31.947803597724704,82.10293913453417
basic_Droof,N7,-32.0,0.0,153.373,-8.59490448954592,-112.39350994694124,-2.278095072195948,122.28951526305691,2.290356140989576,-97.930572399838
basic_Droof,N68,224.25,0.0,115.0,16.830528030417682,106.64268550332305,3.448098879852181,15.244529351151668,60.20278032802495,-105.66843638037636
basic_Droof,N70,224.25,0.0,153.373,-13.662964282007808,-110.08768869341084,-3.172464180472271,80.65074269616838,-23.809560452034365,150.17693888907107
basic_Dsteel,N5,-32.0,0.0,115.0,-124.4413952800596,370.09060473886086,1.3848976718017156,1.0090032077425346,110.02937930360474,794.643542118717
basic_Dsteel,N7,-32.0,0.0,153.373,33.35470779124142,-134.25561305571046,-1.4586546726390803,87.4652191414726,-173.91609233688345,-695.7292831621808
basic_Dsteel,N68,224.25,0.0,115.0,91.22682361676047,358.1527879272073,2.9901873709164652,17.89670539546743,24.900337198618097,-790.5779140932287
basic_Dsteel,N70,224.25,0.0,153.373,-0.14013608317339643,-110.30788903052414,-2.9164301347321757,61.51421001846993,57.88663942890697,427.43705273840413
basic_Dwall,N5,-32.0,0.0,115.0,2.5894578705689617,128.95173845484538,1.382570549006719,36.74011149114751,7.767462117722133,332.26972680040126
basic_Dwall,N7,-32.0,0.0,153.373,-3.184183886671439,0.7493367783402454,-1.5099018443824614,32.09856561532839,1.6941266557300712,89.29108065066622
basic_Dwall,N68,224.25,0.0,115.0,-0.5622268273012458,129.67968103872494,1.3626021980499283,20.571181638073323,29.516781720840385,-355.2357488794117
basic_Dwall,N70,224.25,0.0,153.373,1.1569528590041958,-0.4752449236750198,-1.2352708513744475,15.93065494659566,-6.349718769817238,-80.48410802062769
basic_HX,N5,-32.0,0.0,115.0,-85.0027886891118,-46.366887768516364,-5.011562446406535,-53.36874462177346,544.2509324050606,-261.40123347170794
basic_HX,N7,-32.0,0.0,153.373,161.29616009447034,12.838543665200278,-1.84321271214553,13.401222289455376,346.02687230982235,25.018552403200626
basic_HX,N68,224.25,0.0,115.0,-130.13166863197057,42.32439269721922,3.146891740363059,16.650132366952967,446.51917110932163,-181.18412648321925
basic_HX,N70,224.25,0.0,153.373,53.838297503323645,-8.796048594555192,3.7078832295261326,-48.23561910712808,419.7391038431644,81.28316289671274
basic_HZ,N5,-32.0,0.0,115.0,8.056805494735084,10.507118819285793,-1.9102159009264235,-19.77247288056239,197.19501592527126,66.72917949512954
basic_HZ,N7,-32.0,0.0,153.373,19.82533940107296,-5.649477782043593,-0.5375046051594999,-8.407876538381945,112.48316189771867,-12.217971255445294
basic_HZ,N68,224.25,0.0,115.0,20.954278091896924,-66.12697585409533,-0.5834757480207379,109.40225743363985,175.21290957445783,86.43122176381902
basic_HZ,N70,224.25,0.0,153.373,-48.836423025145955,61.26933481891702,3.031196695155881,-176.91233993410208,142.33733946836023,-9.414224796522285
basic_R20,N5,-32.0,0.0,115.0,9.116789683470206,212.93324352761363,3.800198181371205,-19.511347589390752,54.038890256949415,162.73715751639364
basic_R20,N7,-32.0,0.0,153.373,-12.518299200303208,-207.15562244367823,-4.324141530934851,221.9459661933931,11.401277313918849,-190.43044355756467
basic_R20,N68,224.25,0.0,115.0,27.999458252721446,202.41150011278347,7.164657419533216,45.20565904293931,107.69321937410764,-188.74608500280016
basic_R20,N70,224.25,0.0,153.373,-24.597948734216164,-208.18912119863697,-6.640713878245461,173.11412582970956,-38.87287774215361,272.6929927951299
basic_U20,N5,-32.0,0.0,115.0,-9.116789683470206,-212.93324352761363,-3.800198181371205,19.511347589390752,-54.038890256949415,-162.73715751639364
basic_U20,N7,-32.0,0.0,153.373,12.518299200303208,207.15562244367823,4.324141530934851,-221.9459661933931,-11.401277313918849,190.43044355756467
basic_U20,N68,224.25,0.0,115.0,-27.999458252721446,-202.41150011278347,-7.164657419533216,-45.20565904293931,-107.69321937410764,188.74608500280016
basic_U20,N70,224.25,0.0,153.373,24.597948734216164,208.18912119863697,6.640713878245461,-173.11412582970956,38.87287774215361,-272.6929927951299
