id,family,group,section,case,ratio,Nc,Nt,My,Mz,V,T,Pc,Pt,Mmajor,Mminor,Vc,Tc,Lb
M001,T-S:lower,T-S,HSS2x2x0.125,strength T1@2/8,0.21221769362854165,91.57679055866306,0.0,4339.591741808165,199.59467977539614,198.03173967939307,24.262998243614934,19632.343069492505,37800.0,21870.0,21870.0,12656.25,12656.25,72
M002,T-S:upper,T-S,HSS2x2x0.125,strength T1@2/8,0.24363186946907092,245.42389247860459,0.0,4774.94080510459,279.8913416350694,201.94977595250216,42.03163222313594,19632.343069492505,37800.0,21870.0,21870.0,12656.25,12656.25,72
M003,T-S:web,T-S,HSS2x2x0.125,strength roof,0.10064046671563893,765.6267651206194,0.0,312.7778791285518,1320.1100515601204,41.85995459485226,5.5231162225628845,29473.147530639944,37800.0,21870.0,21870.0,12656.25,12656.25,44.373066958946424
M004,T-S:web,T-S,HSS2x2x0.125,strength T1@2/8,0.04475645720898808,0.0,84.06191402963658,3.4106182669378753,926.7772792050561,38.768280404064114,2.244073123591665,29473.147530639944,37800.0,21870.0,21870.0,12656.25,12656.25,44.373066958946424
M005,T-S:web,T-S,HSS2x2x0.125,strength T1@2/8,0.11541240978928169,0.0,30.175103564615192,9.429423050459416,2497.181526264461,111.86725738405876,24.608652240178046,29473.147530639944,37800.0,21870.0,21870.0,12656.25,12656.25,44.373066958946424
M006,T-S:web,T-S,HSS2x2x0.125,strength T1@2/8,0.2049052165040562,0.0,25.507924703412012,4.063154471466941,4462.455774036696,200.6900433386918,25.88320224380357,29473.147530639944,37800.0,21870.0,21870.0,12656.25,12656.25,44.373066958946424
M007,T-S:web,T-S,HSS2x2x0.125,strength T1@2/8,0.2717376410393124,0.0,45.9427008285417,15.211673278990554,5901.1094021999725,264.4503858742906,14.01076555526081,29473.147530639944,37800.0,21870.0,21870.0,12656.25,12656.25,44.373066958946424
M008,T-S:web,T-S,HSS2x2x0.125,strength roof,0.15226896852631153,0.0,176.85739580666186,295.2615093503854,2932.536196174765,125.65392535985747,16.562836998999444,29473.147530639944,37800.0,21870.0,21870.0,12656.25,12656.25,44.373066958946424
M009,T-S:web,T-S,HSS2x2x0.125,strength roof,0.05927315368288529,0.0,105.82031257058607,452.8738973184796,782.2053643103826,35.13887079639782,73.06717903885067,29473.147530639944,37800.0,21870.0,21870.0,12656.25,12656.25,44.373066958946424
M010,T-S:web,T-S,HSS2x2x0.125,strength T1@5/8,0.05680311440351748,151.56096046749556,0.0,924.9196904727587,178.1624557835641,16.982467417403832,48.67269962300232,23811.719810123137,37800.0,21870.0,21870.0,12656.25,12656.25,60.47155818333873
M011,T-S:web,T-S,HSS2x2x0.125,strength roof,0.08211460148719163,668.4203172534159,0.0,523.8557584261215,658.07640043651,38.695645791409284,287.89823411423674,23811.71981012314,37800.0,21870.0,21870.0,12656.25,12656.25,60.471558183338715
M012,T1:lower,T1,W8X24,strength T1@0/8,0.4462579182054018,0.0,4283.173752847053,404420.5336991913,711.4828317954458,6976.289969885168,17.93324839182699,275143.1318492106,318600.0,940499.9999999999,253350.0,52456.95,23355.0,72
M013,T1:upper,T1,HSS2x2x0.125,strength T1@4/8,0.49608322381262226,4901.009153553305,0.0,5287.416034995656,102.307262520529,255.95457699252393,44.94500746075192,19632.343069492505,37800.0,21870.0,21870.0,12656.25,12656.25,72
M014,T1:web,T1,HSS2.5x2.5x0.125,strength roof,0.2041099574884803,1736.3908771496992,0.0,285.7770480120659,4772.986567358712,77.38439261214253,145.04593410573335,27458.6538155057,48150.0,35910.0,35910.0,16031.25,20039.0625,84.6432482349228
M015,T1:web,T1,HSS2.5x2.5x0.125,strength T1@4/8,0.24888148628763473,0.0,10979.87887389507,26.39871895101186,722.2033589012545,15.898916564699046,8.528473333525657,27458.6538155057,48150.0,35910.0,35910.0,16031.25,20039.0625,84.6432482349228
M016,T1:web,T1,HSS2.5x2.5x0.125,strength T1@1/8,0.09384761158134754,0.0,120.03575951971372,12.915570752071789,3267.630164782033,68.53739294866861,83.53980320781064,27458.6538155057,48150.0,35910.0,35910.0,16031.25,20039.0625,84.6432482349228
M017,T1:web,T1,HSS2.5x2.5x0.125,strength T1@2/8,0.17863093678293396,38.444217956793935,0.0,4.154264041513515,6360.205926066367,139.9614859761421,111.47262290441094,27458.6538155057,48150.0,35910.0,35910.0,16031.25,20039.0625,84.6432482349228
M018,T1:web,T1,HSS2.5x2.5x0.125,strength T1@3/8,0.20831970347265974,0.0,50.96215665481175,3.145553993696822,7439.607707045459,167.39394508770323,113.1164765306339,27458.6538155057,48150.0,35910.0,35910.0,16031.25,20039.0625,84.6432482349228
M019,T1:web,T1,HSS2.5x2.5x0.125,strength T1@4/8,0.33630429526052763,0.0,10237.996677853973,21.742242853248126,4419.504486935973,94.30411115400568,94.30040267552393,27458.6538155057,48150.0,35910.0,35910.0,16031.25,20039.0625,84.6432482349228
M020,T1:web,T1,HSS2.5x2.5x0.125,strength T1@6/8,0.08916627189169697,0.0,1700.3173837714278,142.0301395894736,1791.8435137146364,31.79811930491797,110.2173932061763,27458.6538155057,48150.0,35910.0,35910.0,16031.25,20039.0625,84.6432482349228
M021,T1:web,T1,HSS2.5x2.5x0.125,strength T1@3/8,0.6325453203755349,12066.140223033259,0.0,239.88163162000387,4868.762744810509,75.16248173132047,17.298730321151538,24610.568332969575,48150.0,35910.0,35910.0,16031.25,20039.0625,92.52767205954531
M022,T1:web,T1,HSS2.5x2.5x0.125,strength T1@4/8,0.5339817880690011,11510.520227747007,0.0,364.07536944012253,2015.8739463015036,40.30517136424078,40.34086622871684,24610.568332969575,48150.0,35910.0,35910.0,16031.25,20039.0625,92.52767205954531
M023,T-W:lower,T-W,HSS6x6x0.25,strength B2@0/8,0.7780203016869309,0.0,635.6541459712721,40331.574891535514,6343.975545462694,6224.557244454059,162507.80602198187,219980.1932857319,235800.0,428850.0,428850.0,77625.0,232875.0,72
M024,T-W:upper,T-W,HSS6x6x0.25,strength roof,0.02364861994596871,0.0,452.3189542961407,6736.38106478542,2582.696081019936,60.628735442401236,3428.962177099926,228571.67674595033,235800.0,428850.0,428850.0,77625.0,232875.0,48.20874747733375
M025,T-W:web,T-W,HSS3x3x0.188,strength roof,0.03261702149851657,0.0,767.2161315862515,347.98083222139337,1393.422838072065,37.404257907043636,545.3218161403062,72778.63527236217,85050.0,73800.0,73800.0,28547.424,42821.136,52.66643440704908
M026,T-W:upper,T-W,HSS6x6x0.25,strength roof,0.023702467165779745,0.0,1445.2794286841497,4436.4541212898785,3099.815916006684,397.5119245363991,2843.9455163191856,233905.75843635382,235800.0,428850.0,428850.0,77625.0,232875.0,24.537386440559093
M027,T-W:web,T-W,HSS3x3x0.188,strength roof,0.07123429704627851,0.0,1449.4712400305789,547.7216390599608,3451.6272429288583,91.75444080544197,385.1011196463041,74237.1601675828,85050.0,73800.0,73800.0,28547.424,42821.136,49.19889807041559
M028,T-W:upper,T-W,HSS6x6x0.25,strength roof,0.10132740021883371,0.0,2753.5330567649107,28546.236048159873,9900.162659547734,1177.9574636614693,815.1575483093426,219980.1932857319,235800.0,428850.0,428850.0,77625.0,232875.0,72
M029,T-W:web,T-W,HSS3x3x0.188,strength roof,0.06657508994176757,0.0,2918.779102546137,405.99783500930255,1974.5465920181894,26.70276304772029,380.91122632699734,43270.63467149941,85050.0,73800.0,73800.0,28547.424,42821.136,109.67926865072889
M030,T-W:upper,T-W,HSS6x6x0.25,strength roof,0.10663371622824604,0.0,3545.081306410131,30491.34482526615,8791.076888742244,1137.5817824737999,1459.3114351049048,219980.1932857319,235800.0,428850.0,428850.0,77625.0,232875.0,72
M031,T-W:web,T-W,HSS3x3x0.188,strength roof,0.45638175951706683,9199.025020438354,0.0,714.2417703602349,5587.647683719574,51.91988515684579,618.1977037444195,24795.863756167324,85050.0,73800.0,73800.0,28547.424,42821.136,149.70898154018158
M032,T-W:upper,T-W,HSS6x6x0.25,strength B2@0/8,0.31888319275971977,2171.523720928931,0.0,118819.54473149288,13903.470740769111,3323.069739134722,4935.738391511931,231078.9830892251,235800.0,428850.0,428850.0,77625.0,232875.0,38.854864986058004
M033,T-W:web,T-W,HSS3x3x0.188,strength B2@0/8,0.13174520752085433,0.0,2204.936952876421,637.8683749450329,7171.649314317651,71.07650163376809,480.2168737980054,30727.420986747926,85050.0,73800.0,73800.0,28547.424,42821.136,134.4851777449277
M034,T-W:upper,T-W,HSS6x6x0.25,strength B2@0/8,0.33437301094117045,1404.9512210488942,0.0,127602.29145674172,13238.352051889597,757.0562328044687,1253.1238061038964,235796.8411710201,235800.0,428850.0,428850.0,77625.0,232875.0,1.0
M035,T-W:upper,T-W,HSS6x6x0.25,strength B2@0/8,0.32841953308407573,1399.8545063885483,0.0,125285.30416123722,12885.703859269834,2096.924205529878,1458.307177744052,224697.9977618293,235800.0,428850.0,428850.0,77625.0,232875.0,60.0
M036,T-W:upper,T-W,HSS6x6x0.25,strength B2@0/8,0.11929282167020404,613.2863292340239,0.0,44500.77606174064,5541.832859382284,6946.929798120498,5450.797162271114,235645.26713359376,235800.0,428850.0,428850.0,77625.0,232875.0,7.0
M037,T-W:web,T-W,HSS3x3x0.188,strength roof,0.09321465039318028,496.79220695737814,0.0,2363.770034303709,4082.83959547046,362.0849249706304,213.74881825310976,84744.7747228564,85050.0,73800.0,73800.0,28547.424,42821.136,8.0
M038,T-W:web,T-W,HSS3x3x0.188,strength roof,0.10322578897153281,1134.5105136022585,0.0,1502.365180060093,5072.573855568559,219.35734861021962,114.66104412493839,80265.49155770635,85050.0,73800.0,73800.0,28547.424,42821.136,32.10437373866688
M039,T-W:web,T-W,HSS3x3x0.188,strength roof,0.13461865330323036,1722.6602215214145,0.0,1583.19667213217,6682.038532588261,211.8837207887593,27.962510523779354,76144.40235287273,85050.0,73800.0,73800.0,28547.424,42821.136,44.373066958946424
M040,T-W:web,T-W,HSS3x3x0.188,strength roof,0.2228946715782374,3067.0829512269747,0.0,704.4203788674159,11765.077109922302,190.74710002592343,363.06528847584184,56870.1934625931,85050.0,73800.0,73800.0,28547.424,42821.136,84.6432482349228
M041,T-W:web,T-W,HSS3x3x0.188,strength B2@0/8,0.16026245669573225,0.0,1295.720671510958,2346.090884097515,8356.949371752302,88.70402909669879,115.38938309084726,33516.68034700762,85050.0,73800.0,73800.0,28547.424,42821.136,128.75
M042,T-W:web,T-W,HSS3x3x0.188,strength B2@0/8,0.2524479165122548,0.0,1566.0644444553245,6029.778775003966,11241.964400686824,144.44290177788432,73.71756039954272,33516.68034700762,85050.0,73800.0,73800.0,28547.424,42821.136,128.75
M043,T-W:web,T-W,HSS3x3x0.188,strength B2@0/8,0.37622266802433246,0.0,1764.161930901303,15025.303331726704,11209.122390332448,359.7794423623317,183.7951458402367,33516.68034700762,85050.0,73800.0,73800.0,28547.424,42821.136,128.75
M044,T-W:web,T-W,HSS3x3x0.188,strength B2@0/8,0.5218209814544184,0.0,3162.74582271317,24000.3026663582,11765.69256431671,464.98043156460545,328.12422794751734,33516.68034700762,85050.0,73800.0,73800.0,28547.424,42821.136,128.75
M045,T-W:web,T-W,HSS3x3x0.188,strength B2@0/8,0.6094287341720156,4260.047337189074,0.0,28409.146160293272,7186.544292484568,6857.393634839454,3859.238065723097,33516.68034700762,85050.0,73800.0,73800.0,28547.424,42821.136,128.75
M046,T-W:web,T-W,HSS3x3x0.188,strength B2@0/8,0.30948922122025946,0.0,337.59375827880956,22368.135551503157,179.23047530477095,691.0255818516389,154.68961525447838,69477.8259043237,85050.0,73800.0,73800.0,28547.424,42821.136,60.0
M047,T-E:lower,T-E,HSS6x6x0.25,strength B2@0/8,0.7838374554132232,51.443695703686224,0.0,22294.35422011226,5211.14241494736,6348.449681479169,163490.79838491685,219980.1932857319,235800.0,428850.0,428850.0,77625.0,232875.0,72
M048,T-E:upper,T-E,HSS2.5x2.5x0.125,strength roof,0.16764522467982343,0.0,131.93709114207346,5571.929644899649,349.8124306132072,564.7180003491956,139.03189772730636,40130.2729213371,48150.0,35910.0,35910.0,16031.25,20039.0625,48.20874747733375
M049,T-E:web,T-E,HSS2.5x2.5x0.125,strength roof,0.07207919535130973,0.0,1187.56449559395,1269.4323815527077,433.25258193901914,36.069267915110046,117.06565380491959,38740.29751125435,48150.0,35910.0,35910.0,16031.25,20039.0625,52.66643440704908
M050,T-E:upper,T-E,HSS2.5x2.5x0.125,strength roof,0.20623539076910688,0.0,1234.412794055146,6182.009916204122,303.2848264490797,367.04069560318345,161.53444272319572,45930.18209407141,48150.0,35910.0,35910.0,16031.25,20039.0625,24.537386440559093
M051,T-E:web,T-E,HSS2.5x2.5x0.125,strength roof,0.21021314412558367,3458.953091409547,0.0,3963.5671989484135,466.50134294550134,121.71315574308093,75.72058416710516,39828.00027769196,48150.0,35910.0,35910.0,16031.25,20039.0625,49.19889807041559
M052,T-E:upper,T-E,HSS2.5x2.5x0.125,strength roof,0.548903390155414,1711.448482229724,0.0,17122.814553581728,671.9601988579894,1024.0814373625985,146.1091320522512,32070.46920566206,48150.0,35910.0,35910.0,16031.25,20039.0625,72
M053,T-E:web,T-E,HSS2.5x2.5x0.125,strength T1@8/8,0.708446428379266,12652.46120835871,0.0,830.8044104419473,367.4690382955417,24.51096700598505,80.09028267408227,18742.231401760742,48150.0,35910.0,35910.0,16031.25,20039.0625,109.67926865072889
M054,T-E:upper,T-E,HSS2.5x2.5x0.125,strength roof,0.6640539729147988,9971.591250527308,0.0,12352.679387463808,1141.7837772026262,811.2814276315182,66.15263546331863,34591.35435170896,48150.0,35910.0,35910.0,16031.25,20039.0625,64.9519052838329
M055,T-E:web,T-E,HSS2.5x2.5x0.125,strength T1@8/8,0.12810219768925923,0.0,4130.889916543417,1235.771736261599,283.5836468703104,6.001985945119617,228.21509449783815,13355.89501736505,48150.0,35910.0,35910.0,16031.25,20039.0625,129.92678597590807
M056,T-E:upper,T-E,HSS2.5x2.5x0.125,strength T1@8/8,0.3117129589195082,8653.830846366378,0.0,3713.045510097323,746.9328179008916,197.30589244776021,30.99196557754875,46150.2755356362,48150.0,35910.0,35910.0,16031.25,20039.0625,23.26159824632153
M057,T-E:web,T-E,HSS2.5x2.5x0.125,strength T1@8/8,0.13076987481170388,0.0,3758.8889057450624,1189.130466926732,703.457469538601,20.519389964606745,88.83912979001813,13276.13327901897,48150.0,35910.0,35910.0,16031.25,20039.0625,130.31649536697168
M058,T-E:upper,T-E,HSS2.5x2.5x0.125,strength roof,0.4078290602670128,6468.962551905747,0.0,8737.422084957354,477.06714461065144,589.1458692600653,74.67207070861852,42775.79033844189,48150.0,35910.0,35910.0,16031.25,20039.0625,38.854864986058004
M059,T-E:web,T-E,HSS2.5x2.5x0.125,strength T1@8/8,0.08613338813484879,0.0,2223.711454950012,587.7020661054901,846.9163681252387,10.944044689483045,7.5364598635860185,12465.839896249767,48150.0,35910.0,35910.0,16031.25,20039.0625,134.4851777449277
M060,T-E:upper,T-E,HSS2.5x2.5x0.125,strength roof,0.5972210544955612,5776.145092124168,0.0,15132.786870470329,123.53304371096247,1009.9979844382584,177.77824236606813,33509.71215301891,48150.0,35910.0,35910.0,16031.25,20039.0625,68.0
M061,T-E:web,T-E,HSS2.5x2.5x0.125,strength B2@8/8,0.3863797423507974,0.0,14212.408535843724,849.7808684447045,2425.581089088983,32.0693311679574,15.379711400254427,10634.645155848852,48150.0,35910.0,35910.0,16031.25,20039.0625,145.60412940572806
M062,T-E:web,T-E,HSS2.5x2.5x0.125,strength roof,0.1415936041949006,983.6524725557113,0.0,4164.16151598066,183.17250343288023,168.15259995509268,39.20089421522964,47909.03138865887,48150.0,35910.0,35910.0,16031.25,20039.0625,8.0
M063,T-E:web,T-E,HSS2.5x2.5x0.125,strength roof,0.10786502191591604,1328.3001407409786,0.0,2085.2760704021275,714.1537575477652,105.13643546558127,106.35978844621714,44412.588429256524,48150.0,35910.0,35910.0,16031.25,20039.0625,32.10437373866688
M064,T-E:web,T-E,HSS2.5x2.5x0.125,strength roof,0.25070013290554416,278.1909095293599,0.0,5876.687145040219,2883.85381626161,369.03530906048024,240.69576540749026,41263.12301912956,48150.0,35910.0,35910.0,16031.25,20039.0625,44.373066958946424
M065,T-E:web,T-E,HSS2.5x2.5x0.125,strength T1@6/8,0.08916627189169697,0.0,1700.3173837714278,142.0301395894736,1791.8435137146364,31.79811930491797,110.2173932061763,27458.6538155057,48150.0,35910.0,35910.0,16031.25,20039.0625,84.6432482349228
M066,T-E:web,T-E,HSS2.5x2.5x0.125,strength T1@8/8,0.28820579247763484,3339.5038015575446,0.0,2123.1624867050195,930.3354835307498,41.40451262926268,116.60619963197855,16436.683267879704,48150.0,35910.0,35910.0,16031.25,20039.0625,117.11920087683924
M067,T-E:web,T-E,HSS2.5x2.5x0.125,strength roof,0.10588650388720955,833.4715156873336,0.0,975.3547477946736,626.4846003617604,14.855459094091106,22.18281056231634,13601.158822397336,48150.0,35910.0,35910.0,16031.25,20039.0625,128.75
M068,T-E:web,T-E,HSS2.5x2.5x0.125,strength roof,0.39446320035811216,4752.024529630623,0.0,327.07942956989547,1291.721901030234,13.294978049273912,58.2048847467781,13601.158822397336,48150.0,35910.0,35910.0,16031.25,20039.0625,128.75
M069,T-E:web,T-E,HSS2.5x2.5x0.125,strength B2@8/8,0.5797079869536748,4517.042240764709,0.0,2145.172245801281,6746.173419612305,110.18055661742834,184.33130037293495,13601.158822397336,48150.0,35910.0,35910.0,16031.25,20039.0625,128.75
M070,T-N:lower,T-N,HSS4x4x0.188,strength B2@0/8,0.6615712296167223,25.179407595615128,0.0,92032.92128938285,518.4437896802775,2566.4413542384345,9349.041221297286,99183.96549307411,116100.0,139950.0,139950.0,38699.424,77398.848,72
M071,T-N:upper,T-N,HSS3x3x0.188,strength B2@0/8,0.4358005898444484,6100.484307306062,0.0,5087.590528915732,11679.927134160087,4606.905827055798,11751.117586025646,63562.62978173031,85050.0,73800.0,73800.0,28547.424,42821.136,72
M072,T-N:upper,T-N,HSS3x3x0.188,strength B2@0/8,0.29230506782130994,0.0,9598.57342687574,9793.043474230091,3450.1496737993957,524.1100119783155,992.6380666208545,63562.62978173031,85050.0,73800.0,73800.0,28547.424,42821.136,72
M073,T-N:web,T-N,HSS3x3x0.125,strength B2@0/8,0.47375305719511845,7622.44740654166,0.0,7564.167408612815,895.7481514383823,144.09872836364747,472.56149091544285,24139.12856771865,58500.0,53550.0,53550.0,19406.25,29109.375,128.75
M074,T-N:web,T-N,HSS3x3x0.125,strength B2@0/8,0.41988601325354047,5786.3838330352255,0.0,4206.884002101342,5441.556317447505,127.17884145529001,306.159826897056,24139.12856771865,58500.0,53550.0,53550.0,19406.25,29109.375,128.75
M075,T-N:web,T-N,HSS3x3x0.125,strength B2@0/8,0.17345736495052935,2082.2517169626976,0.0,2171.822884026055,2497.572745459958,182.92009406033452,135.8188489454379,24139.12856771865,58500.0,53550.0,53550.0,19406.25,29109.375,128.75
M076,T-N:web,T-N,HSS3x3x0.125,strength B2@0/8,0.07982434921953217,0.0,1429.944449003032,1198.637313646618,1767.0074375873237,41.77986295888311,100.6312708767144,24139.12856771865,58500.0,53550.0,53550.0,19406.25,29109.375,128.75
M077,T-N:web,T-N,HSS3x3x0.125,strength B2@8/8,0.5234888022028713,5487.995245788896,0.0,3826.0587149561934,12032.253193296496,196.51441961825813,325.1558341982205,24139.12856771865,58500.0,53550.0,53550.0,19406.25,29109.375,128.75
M078,T-N:web,T-N,HSS3x3x0.125,strength T1@2/8,0.20519144804557377,3364.277100415456,0.0,1014.5873692204461,2510.1361952008715,40.213399000322674,327.717020467556,24139.12856771865,58500.0,53550.0,53550.0,19406.25,29109.375,128.75
M079,T-N:web,T-N,HSS3x3x0.125,strength B2@0/8,0.16844979613131472,376.59839369265376,0.0,3471.97491900099,5193.011062925766,416.7343775228288,727.2446735075581,56728.0165797031,58500.0,53550.0,53550.0,19406.25,29109.375,24.0
M080,T-N:web,T-N,HSS3x3x0.125,strength B2@0/8,0.4243500016795553,10770.77360445895,0.0,6171.481462027338,5690.118825185797,282.4461789856917,1919.5652287005819,53098.57767730026,58500.0,53550.0,53550.0,19406.25,29109.375,42.59295899852463
M081,T-N:web,T-N,HSS3x3x0.125,strength B2@0/8,0.324220527888761,0.0,2943.637926653043,9246.577322267796,5420.871074854492,433.24463414000184,434.5231926253985,56728.0165797031,58500.0,53550.0,53550.0,19406.25,29109.375,24.0
M082,T-N:web,T-N,HSS3x3x0.125,strength B2@0/8,0.30729514864717955,9438.763926696456,0.0,606.1636803917087,6330.483104497952,125.25644415864473,1400.6658938939502,53098.57767730026,58500.0,53550.0,53550.0,19406.25,29109.375,42.59295899852463
M083,T-N:web,T-N,HSS3x3x0.125,strength B2@0/8,0.21061691469456667,0.0,1211.834192171919,1564.9772724827117,8604.264133500115,692.1984421498024,1262.0997544924817,56728.0165797031,58500.0,53550.0,53550.0,19406.25,29109.375,24.0
M084,T-N:web,T-N,HSS3x3x0.125,strength B2@0/8,0.215187243664621,0.0,4885.931546729839,6192.560858461702,858.2094700798992,486.2847937897369,433.57270876533374,53098.57767730026,58500.0,53550.0,53550.0,19406.25,29109.375,42.59295899852463
M085,T-N:web,T-N,HSS3x3x0.125,strength B2@0/8,0.06720953723003373,1394.1423697757714,0.0,631.0359024054388,1651.9950813533965,132.6703140147472,514.1659227426237,56728.0165797031,58500.0,53550.0,53550.0,19406.25,29109.375,24.0
M086,T-N:web,T-N,HSS3x3x0.125,strength B2@0/8,0.09869545561752507,0.0,3133.0030897863317,1475.3527612044813,941.8860587711132,67.93316768677607,225.92755358595906,53098.57767730026,58500.0,53550.0,53550.0,19406.25,29109.375,42.59295899852463
M087,T-N:web,T-N,HSS3x3x0.125,strength B2@0/8,0.056556480552970786,239.88569262559662,0.0,310.06386897563755,2492.0888467386185,193.6823587096036,95.36338609163259,56728.0165797031,58500.0,53550.0,53550.0,19406.25,29109.375,24.0
M088,T-N:web,T-N,HSS3x3x0.125,strength B2@0/8,0.06536213981797027,902.4448023460153,0.0,2187.823452485175,402.20211695690773,406.8795757853305,44.212151166015325,53098.57767730026,58500.0,53550.0,53550.0,19406.25,29109.375,42.59295899852463
M089,T-N:web,T-N,HSS3x3x0.125,strength B2@8/8,0.008514539864556869,0.0,91.36997173985144,117.71972757154029,254.59521573669295,17.949637415899893,76.32024685293992,56728.0165797031,58500.0,53550.0,53550.0,19406.25,29109.375,24.0
M090,T-N:web,T-N,HSS3x3x0.125,strength B2@0/8,0.016310620750272543,0.0,654.935415221336,159.53240073888867,114.38353727405986,8.97885249408444,43.767991326791076,53098.57767730026,58500.0,53550.0,53550.0,19406.25,29109.375,42.59295899852463
M091,T-N:web,T-N,HSS3x3x0.125,strength B2@8/8,0.007674743592303933,0.0,57.02135668974359,155.69898571057152,203.08706099515422,10.146664974654323,82.99378450764958,56728.0165797031,58500.0,53550.0,53550.0,19406.25,29109.375,24.0
M092,T-N:web,T-N,HSS3x3x0.125,strength B2@8/8,0.046118145285982,739.9746198173265,0.0,1077.830418215356,645.5306814027856,48.08229176549702,143.9297863049627,53098.57767730026,58500.0,53550.0,53550.0,19406.25,29109.375,42.59295899852463
M093,T-N:web,T-N,HSS3x3x0.125,strength roof,0.06661711643528051,285.45632903291494,0.0,1795.6887775285293,1502.1933111755936,77.07782282911141,21.020117545237188,56728.0165797031,58500.0,53550.0,53550.0,19406.25,29109.375,24.0
M094,T-N:web,T-N,HSS3x3x0.125,strength B2@8/8,0.1662763869881156,4192.497143851553,0.0,3692.8532698187964,983.1072188787955,199.86648795040733,326.0639957209408,53098.57767730026,58500.0,53550.0,53550.0,19406.25,29109.375,42.59295899852463
M095,T-N:web,T-N,HSS3x3x0.125,strength B2@0/8,0.022013516326100758,147.18293249435507,0.0,960.3429760779196,76.17945013893866,44.48370461290933,10.456970479950483,55386.99920016883,58500.0,53550.0,53550.0,19406.25,29109.375,32.0
M096,B2:beam,B2,W8X31,strength B2@4/8,0.6058438692855035,7.945148936737815,0.0,524793.8621651875,1.8131094029601857e-09,1693.512091541243,20.60300494406597,374259.58166019426,410850.00000000006,866250.0,417150.0,61559.99999999999,33268.96551724138,72
M097,B3:beam,B3,HSS5x5x0.25,strength B2@0/8,0.6943322028702759,38.11700591732846,0.0,192890.29311742084,6892.84353173188,5286.1354432314065,4377.8621220940995,59487.53612240891,193500.0,288000.0,288000.0,64125.0,160312.5,246.5
M098,T-SO:beam,T-SO,HSS2x2x0.125,strength roof,0.24520826590516476,0.0,24.075531283009973,4362.569822386601,986.2055384313251,159.630174024179,1752.1961423866692,1385.5407936520346,37800.0,21870.0,21870.0,12656.25,12656.25,281.5
M099,B-WO:beam,B-WO,HSS2x2x0.125,strength T1@0/8,0.48414516740979086,183.63471249283563,0.0,5922.516574433523,1013.1424629935032,362.1953082134191,819.9169029186007,1099.5170040435523,37800.0,21870.0,21870.0,12656.25,12656.25,316.0
M100,O2:beam,O2,HSS6x6x0.375,strength T1@0/8,0.76859177969476,716.0546576809535,0.0,452369.1175332927,2909.398860794461,15899.060912608407,4097.632471003154,336234.1630849096,341100.0,594000.0,594000.0,113906.25,341718.75,32.0
M101,O3:beam,O3,HSS3x3x0.125,strength B2@0/8,0.8989716862049455,563.8561525112866,0.0,43669.06637414358,3925.712468748488,2704.901828432938,1073.318832251472,55386.99920016883,58500.0,53550.0,53550.0,19406.25,29109.375,32.0
M102,columns,W1,HSS4x4x0.188,strength T1@1/8,0.061740816228860726,279.63786434577736,0.0,2082.8014713214684,6105.204291040773,48.91094983516291,6.010016967572369,86463.68280579065,116100.0,139950.0,139950.0,38699.424,77398.848,98.5
M103,columns,W2,HSS4x4x0.188,strength T1@1/8,0.6244211073646904,15764.728288488628,0.0,5112.050575444456,56758.91552291934,761.4743942661247,410.6283816839597,86463.68280579065,116100.0,139950.0,139950.0,38699.424,77398.848,98.5
M104,columns,W3,HSS4x4x0.188,strength B2@0/8,0.3697452076134886,3370.17009535618,0.0,4103.066087010002,42187.82296215377,593.9037574224456,231.79793167406086,86463.68280579065,116100.0,139950.0,139950.0,38699.424,77398.848,98.5
M105,columns,W4,HSS4x4x0.188,strength B2@0/8,0.12552216836128777,6240.425577717064,0.0,6834.0301504333265,632.0529152270485,74.70037144908693,291.7309383654615,86463.68280579065,116100.0,139950.0,139950.0,38699.424,77398.848,98.5
M106,columns,S1,HSS4x4x0.188,strength floor,0.0010624013113844383,91.8591300000001,0.0,0.0,0.0,0.0,0.0,86463.68280579065,116100.0,139950.0,139950.0,38699.424,77398.848,98.5
M107,columns,S2,HSS4x4x0.188,strength roof,0.14376851600702897,3864.6679264290133,0.0,345.17876372388145,13519.878774820334,220.0803911259159,594.947929485803,86463.68280579065,116100.0,139950.0,139950.0,38699.424,77398.848,98.5
M108,columns,N1,HSS4x4x0.188,strength B2@0/8,0.21504084636994586,10208.099406715528,0.0,3159.341224508694,10412.809337296836,180.27346803516048,540.0448977187286,86463.68280579065,116100.0,139950.0,139950.0,38699.424,77398.848,98.5
M109,columns,N2,HSS4x4x0.188,strength B2@8/8,0.5855591716943314,20162.686612242498,0.0,14318.323612756316,34995.38519635837,586.6397168683419,833.068733304258,86463.68280579065,116100.0,139950.0,139950.0,38699.424,77398.848,98.5
M110,columns,S3,HSS4x4x0.188,strength roof,0.27221168770353826,12384.93613587315,0.0,2900.43233577059,15149.35248621974,273.1830920840454,548.0657715703601,86463.68280579065,116100.0,139950.0,139950.0,38699.424,77398.848,98.5
