case,member,candidate,depth,M_kipft,V_kip,live_deflection_in,total_deflection_in,wood_sustained_screen_in,flexural_screen_ratio,shear_screen_ratio,passes_limited_screen
occupied40,B1,W8x18,8.14,30.27407730955165,5.934216299045099,0.45224021345938936,1.3699845689140435,1.3699845689140435,0.7982796174781777,,False
occupied40,B2,W8x18,8.14,37.02977715480617,7.212170803764339,0.7675577116189327,1.6799160698440274,1.6799160698440274,0.9764167555030469,,False
occupied40,E-rail,W8x18,8.14,5.7752992252475694,6.158553787504761,0.0026943371101203063,0.0060752172116597565,0.0060752172116597565,0.15228552167626486,,True
occupied40,S-header,W8x18,8.14,3.2584914155528475,1.4479757011549241,0.0006342011468764858,0.052057533750522675,0.052057533750522675,0.08592127364168298,,True
occupied40,N-header,W8x18,8.14,6.0394626425614515,2.742921235329803,0.03191303515743496,0.09008881120207332,0.09008881120207332,0.15925109389069933,,True
occupied40,W-rail,W8x18,8.14,0.14153570956996364,0.0894264394955722,0.0,0.0005087427243083953,0.0005087427243083953,0.0037320731839237784,,True
occupied40,B1,W8x24,7.93,30.609385354058414,5.998900811237064,0.33849660475376303,1.0368484470964376,1.0368484470964376,0.586997208129503,,True
occupied40,B2,W8x24,7.93,37.36512112091665,7.2768553159598,0.574508129978379,1.2688286152653128,1.2688286152653128,0.7165521791992054,,False
occupied40,E-rail,W8x24,7.93,5.828313580793488,6.232702838822441,0.002016680376256916,0.004589035143520113,0.004589035143520113,0.11176976474555167,,True
occupied40,S-header,W8x24,7.93,3.383975462089731,1.5014431308419807,0.0004746922731759913,0.04058755082129468,0.04058755082129468,0.06489461077538584,,True
occupied40,N-header,W8x24,7.93,6.149253787441997,2.7924437681577206,0.023886540220619396,0.0686384516734125,0.0686384516734125,0.11792444583764365,,True
occupied40,W-rail,W8x24,7.93,0.1887142794266184,0.11923525266076297,0.0,0.0005077174467503374,0.0005077174467503374,0.003618980057138213,,True
occupied40,B1,W8x40,8.25,31.503627814639486,6.171392843757922,0.1917374603639466,0.6045768808159705,0.6045768808159705,0.3556803951579579,,True
occupied40,B2,W8x40,8.25,38.25938852581943,7.449347348479041,0.325423440748027,0.7359793459362851,0.7359793459362851,0.4319538851027726,,True
occupied40,E-rail,W8x40,8.25,5.969685195581156,6.430433642343354,0.001142325117235938,0.0026625518421143973,0.0026625518421143973,0.06739858665884302,,True
occupied40,S-header,W8x40,8.25,3.718599586188143,1.6440229433407416,0.000268883910901743,0.02544201887870509,0.02544201887870509,0.041983513074484724,,True
occupied40,N-header,W8x40,8.25,6.44203017379016,2.9245038556987724,0.013530252577022082,0.04070415566218417,0.04070415566218417,0.0727314279902844,,True
occupied40,W-rail,W8x40,8.25,0.31452379904436345,0.1987254211012727,0.0,0.00047931772655539787,0.00047931772655539787,0.003551017990337489,,True
occupied40,B1,W10x33,9.73,31.11239318750979,6.095927579531443,0.16370566791307722,0.5097388842895882,0.5097388842895882,0.35628134827296926,,True
occupied40,B2,W10x33,9.73,37.868137070078845,7.373882084249858,0.2778469143228769,0.6219304626964068,0.6219304626964068,0.4336442667910743,,True
occupied40,E-rail,W10x33,9.73,5.907835114110955,6.343926415803647,0.0009753185211488128,0.002249702326433311,0.002249702326433311,0.06765315182101916,,True
occupied40,S-header,W10x33,9.73,3.572201531895093,1.5816442753724604,0.00022957339761201453,0.020806632301559175,0.020806632301559175,0.04090681068524438,,True
occupied40,N-header,W10x33,9.73,6.313940504762834,2.866727567399535,0.011552145475118271,0.034071659434886145,0.034071659434886145,0.07230363869454125,,True
occupied40,W-rail,W10x33,9.73,0.2594821342116,0.16394847240855087,0.0,0.00033762467931928514,0.00033762467931928514,0.0029714411254859797,,True
occupied40,B1,W10x39,9.92,31.447737153615293,6.160612091724023,0.13394100101979045,0.4215821577637112,0.4215821577637112,0.2993884335194539,,True
occupied40,B2,W10x39,9.92,38.20349355733784,7.438566596448517,0.22732929353689924,0.5133752673692901,0.5133752673692901,0.3637045182370785,,True
occupied40,E-rail,W10x39,9.92,5.960849469659974,6.41807546712411,0.0007979878809399376,0.0018572074583142165,0.0018572074583142165,0.05674841965415005,,True
occupied40,S-header,W10x39,9.92,3.6976855784319946,1.6351117050596027,0.0001878327798643755,0.017665852810192915,0.017665852810192915,0.0352026693547635,,True
occupied40,N-header,W10x39,9.92,6.423731649643402,2.9162501002274404,0.00945175538873313,0.02835481484855697,0.02835481484855697,0.06115514596620131,,True
occupied40,W-rail,W10x39,9.92,0.3066607040682548,0.19375728557374017,0.0,0.0003264635328955072,0.0003264635328955072,0.0029194681755476603,,True
occupied40,B1,W10x49,9.98,32.00664376380041,6.268419612049612,0.10291790151888311,0.32972870308005814,0.32972870308005814,0.2349498685078975,,True
occupied40,B2,W10x49,9.98,38.76244324214242,7.546374116772156,0.17467581746033803,0.40026090862258024,0.40026090862258024,0.2845418910522103,,True
occupied40,E-rail,W10x49,9.98,6.049206728900995,6.541657219323295,0.0006131598055751727,0.0014482296338229153,0.0014482296338229153,0.044405165878086426,,True
occupied40,S-header,W10x49,9.98,3.9068256559934866,1.7242240878712543,0.0001443273933516709,0.014396611863737129,0.014396611863737129,0.028678676243996143,,True
occupied40,N-header,W10x49,9.98,6.606716891110987,2.9987876549405885,0.007262562045019207,0.02239948726710737,0.02239948726710737,0.04849765805782571,,True
occupied40,W-rail,W10x49,9.98,0.38529165382934555,0.24343864084905933,0.0,0.0003151690271854155,0.0003151690271854155,0.0028282947775604707,,True
occupied40,B1,LVL 5.25 x 9.5,9.5,30.06174465475093,5.893255056318723,1.105677315669236,3.3258052471842943,4.474396144648719,1.9521999917851913,0.6218973809596331,False
occupied40,B2,LVL 5.25 x 9.5,9.5,36.817421752818994,7.171209561046307,1.876404355049667,4.083317359852335,5.6798044146168785,2.3909114813150443,0.7567560544568059,False
occupied40,E-rail,LVL 5.25 x 9.5,9.5,5.901426136783019,6.048945782953519,0.015051953202660026,0.033149997600246166,0.04606593939339097,0.3832367079176821,0.6383269524288109,True
occupied40,S-header,LVL 5.25 x 9.5,9.5,3.0722257422601222,1.39904372915116,0.0017393410907904565,0.13387130303880884,0.16687734019901818,0.1995093477668339,0.14763685309602004,True
occupied40,N-header,LVL 5.25 x 9.5,9.5,5.804643111240889,2.6999616374004383,0.08512560707757402,0.23700900152450977,0.3223603568406293,0.37695164948750104,0.28491878511019003,True
occupied40,W-rail,LVL 5.25 x 9.5,9.5,0.10924505280347464,0.07048810925406415,0.0,0.0013941790815460815,0.0020912686223191223,0.007094338456893628,0.007438396966528336,True
occupied40,B1,LVL 5.25 x 11.875,11.875,30.260142524337983,5.931528129769476,0.5728933792250643,1.7346610313002804,2.3355069470917007,1.2576536866426022,0.5007489781100732,False
occupied40,B2,LVL 5.25 x 11.875,11.875,37.01584087678836,7.209482634495148,0.9721750872143806,2.1270819987922662,2.9599625322238516,1.538429923303452,0.6086359169076501,False
occupied40,E-rail,LVL 5.25 x 11.875,11.875,6.007048803500304,6.065023626742559,0.01025644870344824,0.022698511384502438,0.03156311787977525,0.24966131826669147,0.5120188789229967,True
occupied40,S-header,LVL 5.25 x 11.875,11.875,3.0885199400290033,1.4238236408609533,0.00095474823177932,0.0739184285614787,0.09260228523473649,0.12836319213376354,0.12020144178222002,True
occupied40,N-header,LVL 5.25 x 11.875,11.875,5.777986141967585,2.7228341326200907,0.04608575186128976,0.12954430005716544,0.1764065627559999,0.24014115488619553,0.22986596027923203,True
occupied40,W-rail,LVL 5.25 x 11.875,11.875,0.1349185262492515,0.08806907077359481,0.0,0.0010477935476487512,0.001571690321473127,0.0056074019412593636,0.007434930127305194,True
occupied40,B1,LVL 5.25 x 14,14,30.43765640774082,5.965772458657675,0.35410117920528356,1.0785030324073421,1.4530422649277661,0.9294311801108364,0.42719459066650023,False
occupied40,B2,LVL 5.25 x 14,14,37.19337377728954,7.243726963384181,0.600854276327847,1.321006683057713,1.8389403897010834,1.1357208590257375,0.5187058333966474,False
occupied40,E-rail,LVL 5.25 x 14,14,6.106377639054662,6.07899064498006,0.007938577238707261,0.017652416888150013,0.02455938781205704,0.18646172028624486,0.4353018721790232,True
occupied40,S-header,LVL 5.25 x 14,14,3.094043138738281,1.4455455030924917,0.0006250149072447973,0.048534185774141765,0.06105775679697513,0.0944783700567701,0.10351203029663386,True
occupied40,N-header,LVL 5.25 x 14,14,5.738626272090801,2.7422106530888466,0.02976735283979974,0.08437884850200679,0.11502397168398923,0.1752322227715259,0.19636309724946988,True
occupied40,W-rail,LVL 5.25 x 14,14,0.15702483825518898,0.1037784938227376,0.0,0.0008746781869849436,0.0013120172804774153,0.004794842900227939,0.00743132787846313,True
occupied40,B1,LVL 5.25 x 16,16,30.604728297965,5.998002415255917,0.2404993739207228,0.7365402818537988,0.9929406161794637,0.7286140922710148,0.37581468767267656,True
occupied40,B2,LVL 5.25 x 16,16,37.36046356595087,7.275956919982641,0.40806093292029993,0.9012092860961823,1.2549830363584056,0.8894494988782387,0.45588702506156903,False
occupied40,E-rail,LVL 5.25 x 16,16,6.20206141414876,6.092844575120877,0.006542267028272436,0.01461587982156088,0.020344164236028885,0.14765396063913305,0.38175717889228544,True
occupied40,S-header,LVL 5.25 x 16,16,3.092169833494667,1.465726733491393,0.00044951868377160974,0.034970566591218166,0.04415789060447585,0.07361602738127691,0.09183751462978654,True
occupied40,N-header,LVL 5.25 x 16,16,5.701336710786743,2.759578101088611,0.021134953663149568,0.06037826787139839,0.0823871938594674,0.13573308777054272,0.17290589605818366,True
occupied40,W-rail,LVL 5.25 x 16,16,0.17698680960669264,0.11854387884658064,0.0,0.0007703011989002213,0.001155451798350332,0.004213567340641868,0.007427561331239388,True
occupied40,B1,LVL 5.25 x 18,18,30.77180947199989,6.03023237185086,0.17152060049110085,0.5281697414598303,0.7124706537812238,0.5881847651057548,0.3358525408995188,True
occupied40,B2,LVL 5.25 x 18,18,37.52755335459494,7.308186876577072,0.2910003694281635,0.6455815547716072,0.8993139136493159,0.7173167757635786,0.4070279519118392,True
occupied40,E-rail,LVL 5.25 x 18,18,6.298592223828922,6.108009290973597,0.005566574074217943,0.012496211077412943,0.01740137603585939,0.12039382965245474,0.34018431027421875,True
occupied40,S-header,LVL 5.25 x 18,18,3.095689667754507,1.4857178725953035,0.00034000226070123556,0.026495421199313193,0.03357522333416103,0.05917225965295692,0.08274674868255659,True
occupied40,N-header,LVL 5.25 x 18,18,5.707930542809889,2.7761749181132207,0.015786864233324018,0.045450013396001784,0.06207683155572203,0.10910368428666871,0.15461848611045506,True
occupied40,W-rail,LVL 5.25 x 18,18,0.19605545076805636,0.13328858610078204,0.0,0.0006984350583295766,0.0010476525874943648,0.003747482882429843,0.007423480150419495,True
occupied40,B1,LVL 5.25 x 20,20,30.938899260664414,6.062462328447728,0.1271652193993455,0.3937192483922712,0.5314270651850542,0.48592991111270084,0.3038828234810891,True
occupied40,B2,LVL 5.25 x 20,20,37.69464314325857,7.3404168331738635,0.21572923175447783,0.48074590475769907,0.6699189624126657,0.5920364017383357,0.36794069339217367,True
occupied40,E-rail,LVL 5.25 x 20,20,6.395107711794701,6.124818577739711,0.004847896124986056,0.010936379411911574,0.015235644114214679,0.10044229743814782,0.3070084500120156,True
occupied40,S-header,LVL 5.25 x 20,20,3.180751333610448,1.5055525339994356,0.0002673726745630992,0.020878763122288212,0.02654797087636226,0.04995724637101189,0.07546629243104941,True
occupied40,N-header,LVL 5.25 x 20,20,5.751534446246895,2.792077526403778,0.01227133776443113,0.03560175962065358,0.04867152619950545,0.09033426169041968,0.13995376072199386,True
occupied40,W-rail,LVL 5.25 x 20,20,0.2141713222415353,0.14801167618780928,0.0,0.0006467318629971954,0.0009700977944957931,0.00336379942618178,0.007419131638486682,True
occupied40,B1,LVL 7 x 9.5,9.5,30.326275147616034,5.944285820931038,0.8292579867519271,2.516443051633909,3.3889307828550717,1.4770338874367799,0.4704618773985784,False
occupied40,B2,LVL 7 x 9.5,9.5,37.08198058487865,7.222240325658606,1.40730326628725,3.0845771361349392,4.292986985331191,1.8060688848377777,0.5716058825214568,False
occupied40,E-rail,LVL 7 x 9.5,9.5,5.944967644990051,6.106160488139534,0.011288964901995019,0.025058093302336677,0.03484284719827131,0.28954820955173605,0.4832734854087483,True
occupied40,S-header,LVL 7 x 9.5,9.5,3.1684808270061744,1.441042875973321,0.0013045058180928422,0.1037686368066992,0.13020574444065247,0.1543200914191312,0.11405167202004915,True
occupied40,N-header,LVL 7 x 9.5,9.5,5.888860257553773,2.7388624922199636,0.06384420530818051,0.1803000154851627,0.24558516414314252,0.28681551283327866,0.21676790599287407,True
occupied40,W-rail,LVL 7 x 9.5,9.5,0.1456600704046328,0.0939841456720857,0.0,0.001394179081546081,0.002091268622319122,0.007094338456893626,0.007438396966528351,True
occupied40,B1,LVL 7 x 11.875,11.875,30.590805640418697,5.995316585534769,0.4296700344187982,1.3153010422723563,1.7730881135144947,0.9535473798602401,0.37960057526140206,False
occupied40,B2,LVL 7 x 11.875,11.875,37.346539416862264,7.273271090260433,0.7291313154107855,1.6096167678913462,2.241429802363608,1.164130661558764,0.4605157793595842,False
occupied40,E-rail,LVL 7 x 11.875,11.875,6.062413837632504,6.13591081965588,0.007692336527586181,0.017192229717006364,0.023924857677775743,0.18897177467156812,0.38850246582704423,True
occupied40,S-header,LVL 7 x 11.875,11.875,3.2070399504446114,1.4762029835509634,0.0007160611738344899,0.05769717298596852,0.07283924127334161,0.09996678668093155,0.09346754149907167,True
occupied40,N-header,LVL 7 x 11.875,11.875,5.881645594070266,2.7713470796856656,0.03456431389596732,0.09887806800745479,0.13488468651387098,0.18333703961303924,0.17547112495041808,True
occupied40,W-rail,LVL 7 x 11.875,11.875,0.17989136833233532,0.11742542769812636,0.0,0.001047793547648752,0.0015716903214731282,0.005607401941259364,0.007434930127305192,True
occupied40,B1,LVL 7 x 14,14,30.82750606824965,6.040975690717871,0.2655758844039627,0.8193005477552584,1.1054166088704525,0.7060015962070063,0.3244347846787256,False
occupied40,B2,LVL 7 x 14,14,37.58324995085081,7.318930195444361,0.4506407072458853,1.001178285743036,1.3948402024504396,0.8607194625865539,0.39306821672633513,False
occupied40,E-rail,LVL 7 x 14,14,6.172675668625182,6.161918067495478,0.005953932929030446,0.013393924704270232,0.01865145891627937,0.14136462629411026,0.33093007881286135,True
occupied40,S-header,LVL 7 x 14,14,3.2315825983315953,1.5071524359841104,0.00046876118043359796,0.03810620548205226,0.04835166682490026,0.07400866186339647,0.08094266573491464,True
occupied40,N-header,LVL 7 x 14,14,5.8588442662886235,2.799265141975239,0.022325514629849805,0.06459287062463165,0.08823108013518173,0.134177360788462,0.1503364737902921,True
occupied40,W-rail,LVL 7 x 14,14,0.2093664510069185,0.13837132509698333,0.0,0.0008746781869849435,0.0013120172804774153,0.004794842900227936,0.007431327878463121,True
occupied40,B1,LVL 7 x 16,16,31.05029245313541,6.0839489661818575,0.18037453044054208,0.5604950577294358,0.7568402316432278,0.5544163085740034,0.285899857433358,True
occupied40,B2,LVL 7 x 16,16,37.80603633573503,7.361903470908581,0.30604569969022494,0.6839968109112231,0.9533720467774338,0.6750430173470499,0.34595411047502733,True
occupied40,E-rail,LVL 7 x 16,16,6.278934929834994,6.186971738186013,0.004906700271204326,0.011108169235792291,0.01547751223145411,0.11211308012089162,0.290741153110245,True
occupied40,S-header,LVL 7 x 16,16,3.246760006679221,1.5359619511582219,0.00033713901282870725,0.027600562476535643,0.03517737425303992,0.057972294478245194,0.07217866311833748,True
occupied40,N-header,LVL 7 x 16,16,5.836332359813642,2.8246150667292524,0.015851215247362174,0.04634493521398729,0.06338224686025828,0.10421022112505544,0.1327356704290062,True
occupied40,W-rail,LVL 7 x 16,16,0.23598241280892357,0.1580585051287741,0.0,0.0007703011989002211,0.0011554517983503316,0.004213567340641868,0.007427561331239385,True
occupied40,B1,LVL 7 x 18,18,31.273078838006825,6.126922241642505,0.1286404503683256,0.4026173624889489,0.5440880749270322,0.4483246723077249,0.25592824735348807,True
occupied40,B2,LVL 7 x 18,18,38.02882272060182,7.404876746368714,0.21825027707112263,0.4906762224727815,0.684220519828101,0.5451736803010919,0.30930980561272825,True
occupied40,E-rail,LVL 7 x 18,18,6.386297061045969,6.213238995732865,0.0041749305556634565,0.009512618718402916,0.013261722642409358,0.09155269143739035,0.2595337926371289,True
occupied40,S-header,LVL 7 x 18,18,3.270963576299336,1.5645236865681804,0.00025500169552592665,0.02101418451187109,0.02689534541920007,0.046891886822882686,0.065351866606858,True
occupied40,N-header,LVL 7 x 18,18,5.855762709055554,2.849135260186615,0.011840148174993013,0.03497869467282274,0.04789440060552362,0.08394705590862916,0.11901149791924039,True
occupied40,W-rail,LVL 7 x 18,18,0.26140726769074196,0.17771811480104274,0.0,0.0006984350583295766,0.001047652587494365,0.003747482882429845,0.007423480150419496,True
occupied40,B1,LVL 7 x 20,20,31.495865222894217,6.169895517105105,0.09537391454950912,0.30063506659792744,0.4065887443443767,0.3710082619431704,0.23195095928966558,True
occupied40,B2,LVL 7 x 20,20,38.251625335844714,7.44785002183124,0.16179692381585836,0.36590516462521666,0.510457825894913,0.45058832109927943,0.279994361722979,True
occupied40,E-rail,LVL 7 x 20,20,6.493880130920464,6.2410805805518486,0.003635922093739542,0.00833854163910038,0.011631118705911058,0.07649522131205942,0.23462708949443042,True
occupied40,S-header,LVL 7 x 20,20,3.377034634854485,1.5928697202940842,0.0002005295059223244,0.016638088851783667,0.02137950292237296,0.03978007086112745,0.05988232031180769,True
occupied40,N-header,LVL 7 x 20,20,5.917291954842575,2.872899183390873,0.009203503323323346,0.02747051956829518,0.037657444428836576,0.06970325114233242,0.108003728698905,True
occupied40,W-rail,LVL 7 x 20,20,0.2855617629887138,0.1973489015837458,0.0,0.0006467318629971952,0.0009700977944957928,0.00336379942618178,0.0074191316384866835,True
storage_bands,B1,W8x18,8.14,32.54202655019274,6.548737419712253,0.5603147557018664,1.4780591111565204,1.4780591111565204,0.858081857981398,,False
storage_bands,B2,W8x18,8.14,43.64787417059274,8.778826682115207,1.076360023853812,1.9887183820789067,1.9887183820789067,1.1509255241824718,,False
storage_bands,E-rail,W8x18,8.14,7.696943641105856,8.074581355287638,0.004692459812039404,0.008073339913578854,0.008073339913578854,0.20295625074705442,,True
storage_bands,S-header,W8x18,8.14,3.320140378006883,1.5059982540529817,0.0010304662536065156,0.0524537988572527,0.0524537988572527,0.08754685944112886,,True
storage_bands,N-header,W8x18,8.14,9.540586228060668,4.3400375012154875,0.08381582296930348,0.14199159901394184,0.14199159901394184,0.25157019475044184,,True
storage_bands,W-rail,W8x18,8.14,0.14153570956996364,0.0894264394955722,0.0,0.0005087427243083953,0.0005087427243083953,0.0037320731839237784,,True
storage_bands,B1,W8x24,7.93,32.87733459469951,6.6134219319042185,0.419389158137189,1.1177410004798638,1.1177410004798638,0.6304897466772997,,False
storage_bands,B2,W8x24,7.93,43.98321813670323,8.843511194310668,0.8056431133803018,1.4999635986672357,1.4999635986672357,0.8434676473296964,,False
storage_bands,E-rail,W8x24,7.93,7.749957996651774,8.148730406605317,0.0035122522656014406,0.006084607032864638,0.006084607032864638,0.14862120406976226,,True
storage_bands,S-header,W8x24,7.93,3.4456244245437664,1.5594656837400385,0.0007712921535458684,0.04088415070166456,0.04088415070166456,0.06607685499316467,,True
storage_bands,N-header,W8x24,7.93,9.650377372941213,4.389560034043405,0.06273518067472655,0.10748709212751965,0.10748709212751965,0.18506561009927455,,True
storage_bands,W-rail,W8x24,7.93,0.1887142794266184,0.11923525266076297,0.0,0.0005077174467503374,0.0005077174467503374,0.003618980057138213,,True
storage_bands,B1,W8x40,8.25,33.771577055280574,6.785913964425077,0.23755810532839405,0.650397525780418,0.650397525780418,0.3812858615142663,,True
storage_bands,B2,W8x40,8.25,44.87748554160601,9.01600322682991,0.45634716079829424,0.8669030659865524,0.8669030659865524,0.5066731325373434,,True
storage_bands,E-rail,W8x40,8.25,7.891329611439442,8.34646121012623,0.0019894743997619117,0.0035097011246403714,0.0035097011246403714,0.08909422276802614,,True
storage_bands,S-header,W8x40,8.25,3.780248548642179,1.7020454962387994,0.00043688945957700903,0.02561002442738036,0.02561002442738036,0.04267953854354325,,True
storage_bands,N-header,W8x40,8.25,9.943153759289377,4.521620121584457,0.035535612615067706,0.0627095157002298,0.0627095157002298,0.11225960638656851,,True
storage_bands,W-rail,W8x40,8.25,0.31452379904436345,0.1987254211012727,0.0,0.00047931772655539787,0.00047931772655539787,0.003551017990337489,,True
storage_bands,B1,W10x33,9.73,33.38034242815089,6.710448700198598,0.20282738817512008,0.5488606045516311,0.5488606045516311,0.38225260700579644,,True
storage_bands,B2,W10x33,9.73,44.486234085865426,8.940537962600727,0.38962973962895303,0.733713288002483,0.733713288002483,0.5094309320461389,,True
storage_bands,E-rail,W10x33,9.73,7.829479529969241,8.259953983586525,0.0016986155693873635,0.0029729993746718617,0.0029729993746718617,0.0896587255889049,,True
storage_bands,S-header,W10x33,9.73,3.633850494349129,1.6396668282705182,0.00037301673156867445,0.020950075635515836,0.020950075635515836,0.041612779375289455,,True
storage_bands,N-header,W10x33,9.73,9.815064090262052,4.463843833285219,0.030340347612864832,0.052859861572632706,0.052859861572632706,0.11239650535362943,,True
storage_bands,W-rail,W10x33,9.73,0.2594821342116,0.16394847240855087,0.0,0.00033762467931928514,0.00033762467931928514,0.0029714411254859797,,True
storage_bands,B1,W10x39,9.92,33.71568639425639,6.775133212391177,0.16594968123418916,0.45359083797810984,0.45359083797810984,0.32097974125458334,,True
storage_bands,B2,W10x39,9.92,44.821590573124425,9.005222474799385,0.3187879687873252,0.604833942619716,0.604833942619716,0.4267100594229992,,True
storage_bands,E-rail,W10x39,9.92,7.882493885518261,8.334103034906986,0.0013897763749532973,0.002448995952327576,0.002448995952327576,0.07504283965120472,,True
storage_bands,S-header,W10x39,9.92,3.75933454088603,1.6931342579576603,0.00030519550764709723,0.017783215537975638,0.017783215537975638,0.03578957919209313,,True
storage_bands,N-header,W10x39,9.92,9.92485523514262,4.513366366113125,0.024823920774162133,0.043726980233985975,0.043726980233985975,0.09448650779679718,,True
storage_bands,W-rail,W10x39,9.92,0.3066607040682548,0.19375728557374017,0.0,0.0003264635328955072,0.0003264635328955072,0.0029194681755476603,,True
storage_bands,B1,W10x49,9.98,34.274593004441506,6.882940732716767,0.12751280653656447,0.35432360809773944,0.35432360809773944,0.2515981112853508,,True
storage_bands,B2,W10x49,9.98,45.380540257929,9.113029995123025,0.24495104954614327,0.47053614070838545,0.47053614070838545,0.33312308672853375,,True
storage_bands,E-rail,W10x49,9.98,7.970851144759282,8.45768478710617,0.0010678796410486732,0.0019029494692964159,0.0019029494692964159,0.05851130290878242,,True
storage_bands,S-header,W10x49,9.98,3.9684746184475226,1.782246640769312,0.0002345068422729534,0.01448679131265841,0.01448679131265841,0.029131220276076317,,True
storage_bands,N-header,W10x49,9.98,10.107840476610205,4.595903920826273,0.019074262653676052,0.034211187875764215,0.034211187875764215,0.07419821360852326,,True
storage_bands,W-rail,W10x49,9.98,0.38529165382934555,0.24343864084905933,0.0,0.0003151690271854155,0.0003151690271854155,0.0028282947775604707,,True
storage_bands,B1,LVL 5.25 x 9.5,9.5,32.329693894501204,6.507776176709362,1.3702823030540294,3.5904102345690876,4.8713036257259095,2.0994798831573642,0.6867459360727463,False
storage_bands,B2,LVL 5.25 x 9.5,9.5,43.43551876676167,8.737865439278583,2.6319679525923334,4.838880957395001,6.813149810930878,2.8206885646025457,0.9220805106744316,False
storage_bands,E-rail,LVL 5.25 x 9.5,9.5,7.886548490918734,7.94814849889839,0.026272121980426902,0.04437016637801304,0.06289619256004128,0.5121499126549156,0.8387440705868239,True
storage_bands,S-header,LVL 5.25 x 9.5,9.5,3.1274504575765776,1.4510199318019408,0.0028119751244585645,0.13494393707247695,0.16848629124952033,0.2030956229489726,0.15312174455105565,True
storage_bands,N-header,LVL 5.25 x 9.5,9.5,9.210152208492078,4.290368114619935,0.22329742019194795,0.37518081463888375,0.5296180765121902,0.5981043107196057,0.45274957020128587,True
storage_bands,W-rail,LVL 5.25 x 9.5,9.5,0.10924505280347464,0.07048810925406415,0.0,0.0013941790815460815,0.0020912686223191223,0.007094338456893628,0.007438396966528336,True
storage_bands,B1,LVL 5.25 x 11.875,11.875,32.5280917641015,6.546049250162223,0.7100951486399343,1.8718628007151503,2.5413096012140057,1.351912817121343,0.5526278222007417,False
storage_bands,B2,LVL 5.25 x 11.875,11.875,43.63393789075078,8.776138512730515,1.3638204843414607,2.518727395919347,3.5474306279144723,1.8134872566082738,0.7408954818820115,False
storage_bands,E-rail,LVL 5.25 x 11.875,11.875,8.021291564141384,7.956657488255778,0.01790705368387739,0.03034911636493159,0.04303902535041897,0.3333760539681502,0.6717135987974803,True
storage_bands,S-header,LVL 5.25 x 11.875,11.875,3.141445955149383,1.473636360974251,0.0015415220897843213,0.0745052024194837,0.093482446021744,0.13056287106726203,0.1244067103315553,True
storage_bands,N-header,LVL 5.25 x 11.875,11.875,9.132098544172136,4.309633824222237,0.12085360624018573,0.2043121544360614,0.2885583443243438,0.3795427398144051,0.36382609781060965,True
storage_bands,W-rail,LVL 5.25 x 11.875,11.875,0.1349185262492515,0.08806907077359481,0.0,0.0010477935476487512,0.001571690321473127,0.0056074019412593636,0.007434930127305194,True
storage_bands,B1,LVL 5.25 x 14,14,32.70560564750158,6.580293579050342,0.4389698210804129,1.1633716742824713,1.5803452277404597,0.9986843022995157,0.4711989673505437,False
storage_bands,B2,LVL 5.25 x 14,14,43.81147079124984,8.810382841619392,0.8430314081345389,1.5631838148644048,2.202206087411121,1.3378082219742464,0.6308902858302464,False
storage_bands,E-rail,LVL 5.25 x 14,14,8.148346951677958,7.963724848053893,0.013862532625675543,0.023576372275118298,0.03344532089250947,0.24881441664886372,0.5702631470142423,True
storage_bands,S-header,LVL 5.25 x 14,14,3.145095219992527,1.493594520743547,0.0010084415524501467,0.04891761241934712,0.06163289676478315,0.09603727444453304,0.1069527046719332,True
storage_bands,N-header,LVL 5.25 x 14,14,9.038891640165222,4.325231605453616,0.07805926938262617,0.13267076504483322,0.18746184649822886,0.276007706095145,0.30971941320827895,True
storage_bands,W-rail,LVL 5.25 x 14,14,0.15702483825518898,0.1037784938227376,0.0,0.0008746781869849436,0.0013120172804774153,0.004794842900227939,0.00743132787846313,True
storage_bands,B1,LVL 5.25 x 16,16,32.87267753772204,6.6125235356470355,0.2981877694417481,0.7942286773748242,1.0794732094610016,0.7826077026881408,0.4143185172711175,False
storage_bands,B2,LVL 5.25 x 16,16,43.9785605799034,8.842612798215255,0.5726184978566076,1.0657668510324902,1.5018193837628673,1.0470081186259974,0.5540484209408054,False
storage_bands,E-rail,LVL 5.25 x 16,16,8.270736105835288,7.971293576241847,0.011425458487900308,0.019499071281188753,0.02766895142547069,0.19690339419111869,0.49945448472693277,True
storage_bands,S-header,LVL 5.25 x 16,16,3.1416699790307225,1.512315105760621,0.0007251496947944722,0.03524619760224102,0.04457133712101014,0.0747944891946247,0.09475658557397375,True
storage_bands,N-header,LVL 5.25 x 16,16,8.9448948804661,4.338619600934572,0.05542178016229401,0.09466509437054284,0.13381743360818404,0.21295325350834157,0.2718433333918905,True
storage_bands,W-rail,LVL 5.25 x 16,16,0.17698680960669264,0.11854387884658064,0.0,0.0007703011989002213,0.001155451798350332,0.004213567340641868,0.007427561331239388,True
storage_bands,B1,LVL 5.25 x 18,18,33.0397587117621,6.6447534922426135,0.21270008119018105,0.5693492221589105,0.7742398748298441,0.631535260697349,0.37007816720927955,True
storage_bands,B2,LVL 5.25 x 18,18,44.145650368555906,8.874842754810965,0.4084193258392222,0.7630005111826659,1.0754423482659037,0.8438177487123992,0.49428252602678724,False
storage_bands,E-rail,LVL 5.25 x 18,18,8.394003099398567,7.980567261447841,0.00972217468571282,0.01665181168890782,0.02363477695310171,0.16044635743014202,0.44447603795309615,True
storage_bands,S-header,LVL 5.25 x 18,18,3.1438492055696323,1.531044496421304,0.0005486219137144002,0.026704040852326357,0.03388815281368078,0.06009280046363516,0.08527120559294368,True
storage_bands,N-header,LVL 5.25 x 18,18,8.88966811389166,4.350878130338246,0.04139745713916942,0.07106060630184718,0.10049272091449013,0.16992069823502848,0.24232125482251438,True
storage_bands,W-rail,LVL 5.25 x 18,18,0.19605545076805636,0.13328858610078204,0.0,0.0006984350583295766,0.0010476525874943648,0.003747482882429843,0.007423480150419495,True
storage_bands,B1,LVL 5.25 x 20,20,33.20684850043009,6.676983448840428,0.15772531233097273,0.42427934132389844,0.577267204582495,0.5215505827856783,0.3346858871599212,True
storage_bands,B2,LVL 5.25 x 20,20,44.31274015722587,8.907072711408148,0.30283082589275984,0.567847498895981,0.8005713536200888,0.6959809948099154,0.4464698100956465,True
storage_bands,E-rail,LVL 5.25 x 20,20,8.516895893400807,7.991986302738368,0.008467361312151795,0.014555844599077314,0.02066484189496329,0.13376734671676566,0.40060081717986806,True
storage_bands,S-header,LVL 5.25 x 20,20,3.2277623542797227,1.5497982005116964,0.0004317077305581028,0.021043098178283214,0.026794473460354767,0.050695606869964153,0.07768412032640082,True
storage_bands,N-header,LVL 5.25 x 20,20,8.956449527900507,4.362135207308849,0.03217899618073,0.05550941803695245,0.07853301382395375,0.14067102666808387,0.21865339385006757,True
storage_bands,W-rail,LVL 5.25 x 20,20,0.2141713222415353,0.14801167618780928,0.0,0.0006467318629971954,0.0009700977944957931,0.00336379942618178,0.007419131638486682,True
storage_bands,B1,LVL 7 x 9.5,9.5,32.5942243873663,6.558806941321676,1.0277117272905218,2.714896792172504,3.686611393662964,1.5874938059659094,0.5190982937334132,False
storage_bands,B2,LVL 7 x 9.5,9.5,43.70007759882132,8.78889620389088,1.9739759644442498,3.6512498342919386,5.14299603256669,2.1284016973034037,0.695599224684676,False
storage_bands,E-rail,LVL 7 x 9.5,9.5,7.930089999125765,8.005363204084404,0.019704091485320173,0.033473219885661834,0.047465537073259054,0.38623311310466113,0.633586324027258,True
storage_bands,S-header,LVL 7 x 9.5,9.5,3.22370554232263,1.493019078624102,0.002108981343343923,0.10457311233195028,0.1314124577285291,0.15700979780573524,0.11816534061132583,True
storage_bands,N-header,LVL 7 x 9.5,9.5,9.294369354804964,4.329268969439461,0.16747306514396096,0.28392887532094313,0.40102845389681313,0.4526800087573572,0.342640994811196,True
storage_bands,W-rail,LVL 7 x 9.5,9.5,0.1456600704046328,0.0939841456720857,0.0,0.001394179081546081,0.002091268622319122,0.007094338456893626,0.007438396966528351,True
storage_bands,B1,LVL 7 x 11.875,11.875,32.85875488018221,6.609837705927515,0.5325713614799507,1.4182023693335088,1.9274401041062235,1.0242417277192957,0.41850970832940343,False
storage_bands,B2,LVL 7 x 11.875,11.875,43.9646364308247,8.839926968495801,1.0228653632560956,1.903350815736656,2.6820308741315735,1.3704236615373806,0.5597104530903555,False
storage_bands,E-rail,LVL 7 x 11.875,11.875,8.076656598273583,8.027544681169099,0.013430290262908044,0.02293018345232823,0.03253178828075854,0.25175782644766215,0.508273505732907,True
storage_bands,S-header,LVL 7 x 11.875,11.875,3.2599659655649913,1.5260157036642612,0.0011561415673382411,0.05813725337947227,0.07349936186359725,0.10161654588105541,0.09662149291107314,True
storage_bands,N-header,LVL 7 x 11.875,11.875,9.235757996274815,4.358146771287812,0.09064020468013931,0.15495395879162677,0.21899852269012893,0.2878882283091964,0.27594122809895133,True
storage_bands,W-rail,LVL 7 x 11.875,11.875,0.17989136833233532,0.11742542769812636,0.0,0.001047793547648752,0.0015716903214731282,0.005607401941259364,0.007434930127305192,True
storage_bands,B1,LVL 7 x 14,14,33.095455308010415,6.655496811110539,0.32922736581030965,0.8829520291616054,1.2008938309799728,0.757941437848516,0.35743806719175825,False
storage_bands,B2,LVL 7 x 14,14,44.20134696481112,8.88558607367957,0.6322735561009042,1.1828111345980552,1.6672894757329682,1.0122849847979356,0.4772065560515344,False
storage_bands,E-rail,LVL 7 x 14,14,8.214644981248478,8.04665227056931,0.010396899469256657,0.017836891244496444,0.025315908726618687,0.1881291485660744,0.43215103493927554,True
storage_bands,S-header,LVL 7 x 14,14,3.2826346795858408,1.5552014536351657,0.0007563311643376101,0.03839377546595628,0.048783021800756284,0.07517784015421868,0.08352317151638915,True
storage_bands,N-header,LVL 7 x 14,14,9.159109634363045,4.382286094340008,0.058544452036969626,0.10081180803175147,0.14255948624586146,0.20975897328117632,0.23535371075939895,True
storage_bands,W-rail,LVL 7 x 14,14,0.2093664510069185,0.13837132509698333,0.0,0.0008746781869849435,0.0013120172804774153,0.004794842900227936,0.007431327878463121,True
storage_bands,B1,LVL 7 x 16,16,33.31824169289244,6.698470086572977,0.22364082708131103,0.6037613543702047,0.8217396766043812,0.5949115163868478,0.31477772963218875,True
storage_bands,B2,LVL 7 x 16,16,44.42413334968756,8.928559349141196,0.4294638733924557,0.8074149846134538,1.1384993073307799,0.7932119821578688,0.4195751573844547,False
storage_bands,E-rail,LVL 7 x 16,16,8.347609621521523,8.065420739306985,0.008569093865925229,0.014770562830513194,0.020971102623535465,0.14905015528488083,0.3790141324862305,True
storage_bands,S-header,LVL 7 x 16,16,3.296260152215276,1.5825503234274496,0.0005438622710958541,0.027807285734802793,0.035487459140440644,0.058856140838256035,0.07436796632647791,True
storage_bands,N-header,LVL 7 x 16,16,9.079890529492998,4.403656566575213,0.041566335121720505,0.07206005508834562,0.10195492667179577,0.16212534542840457,0.20693874842928633,True
storage_bands,W-rail,LVL 7 x 16,16,0.23598241280892357,0.1580585051287741,0.0,0.0007703011989002211,0.0011554517983503316,0.004213567340641868,0.007427561331239385,True
storage_bands,B1,LVL 7 x 18,18,33.54102807776903,6.741443362034258,0.1595250608926358,0.4335019730132591,0.5904149907134973,0.4808375440014205,0.28159746708580863,True
storage_bands,B2,LVL 7 x 18,18,44.64691973456279,8.971532624602608,0.3063144943794166,0.5787404397810754,0.8163168457905419,0.6400494100127077,0.3747507361989393,True
storage_bands,E-rail,LVL 7 x 18,18,8.481707936615615,8.085796966207107,0.007291631014284614,0.012629319177024074,0.01793677333034109,0.1215920872706558,0.3377525883962869,True
storage_bands,S-header,LVL 7 x 18,18,3.3191231141144613,1.6098503103941806,0.0004114664352858001,0.021170649251630966,0.027130042528839878,0.04758229243089136,0.0672452092896483,True
storage_bands,N-header,LVL 7 x 18,18,9.037500280137325,4.4238384724116395,0.03104809285437706,0.05418663935220679,0.0767063176245997,0.129559816369899,0.18478857445328484,True
storage_bands,W-rail,LVL 7 x 18,18,0.26140726769074196,0.17771811480104274,0.0,0.0006984350583295766,0.001047652587494365,0.003747482882429845,0.007423480150419496,True
storage_bands,B1,LVL 7 x 20,20,33.7638144626599,6.784416637497805,0.11829398424822954,0.32355513629664784,0.44096884889245724,0.3977237656979036,0.25505325704878967,True
storage_bands,B2,LVL 7 x 20,20,44.86972234981202,9.014505900065524,0.22712311941956984,0.43123136022892816,0.6084471193004801,0.5285467659029643,0.3388911992505836,True
storage_bands,E-rail,LVL 7 x 20,20,8.615668312526571,8.108248305550507,0.006350520984113846,0.011053140529474684,0.015703017041472513,0.10148900827102281,0.3048213648703198,True
storage_bands,S-header,LVL 7 x 20,20,3.42404565552376,1.6371153868063453,0.0003237807979185771,0.01676134014377992,0.021564379860367338,0.04033384123534165,0.06154569123332126,True
storage_bands,N-header,LVL 7 x 20,20,9.122207036496189,4.442956864295944,0.024134247135547498,0.04240126338051933,0.06005356014717281,0.10745582487558059,0.1670284535449603,True
storage_bands,W-rail,LVL 7 x 20,20,0.2855617629887138,0.1973489015837458,0.0,0.0006467318629971952,0.0009700977944957928,0.00336379942618178,0.0074191316384866835,True
storage125,B1,W8x18,8.14,51.509471623652466,10.099195780314437,1.41296470383725,2.330709059291904,2.330709059291904,1.3582234359710468,,False
storage125,B2,W8x18,8.14,72.1314823151212,14.097065716940978,2.35567769792723,3.2680360561523245,3.2680360561523245,1.9019932968355642,,False
storage125,E-rail,W8x18,8.14,11.209271358190634,11.581835231932576,0.008370871571272866,0.011751751672812316,0.011751751672812316,0.29557078686597404,,True
storage125,S-header,W8x18,8.14,3.4679749658613086,1.6451366896810082,0.001980712395675818,0.05340404499932201,0.05340404499932201,0.09144502409981661,,True
storage125,N-header,W8x18,8.14,10.569092707150796,4.839502392879492,0.1022273911890388,0.16040316723367717,0.16040316723367717,0.2786902866464499,,True
storage125,W-rail,W8x18,8.14,0.14153570956996364,0.0894264394955722,0.0,0.0005087427243083953,0.0005087427243083953,0.0037320731839237784,,True
storage125,B1,W8x24,7.93,51.84477966815923,10.163880292506402,1.0575878496677844,1.755939692010459,1.755939692010459,0.9942290761243168,,False
storage125,B2,W8x24,7.93,72.46682628123168,14.16175022913644,1.7631976965138518,2.457518181800786,2.457518181800786,1.3896987547137636,,False
storage125,E-rail,W8x24,7.93,11.262285713736553,11.655984283250257,0.006265501212355386,0.008837855979618583,0.008837855979618583,0.21597723033806748,,True
storage125,S-header,W8x24,7.93,3.593459012398192,1.6986041193680648,0.0014825404751189013,0.04159539902323759,0.04159539902323759,0.06891188383584666,,True
storage125,N-header,W8x24,7.93,10.678883852031342,4.889024925707409,0.07651602798792627,0.12126793944071937,0.12126793944071937,0.20478931329637137,,True
storage125,W-rail,W8x24,7.93,0.1887142794266184,0.11923525266076297,0.0,0.0005077174467503374,0.0005077174467503374,0.003618980057138213,,True
storage125,B1,W8x40,8.25,52.73902212874031,10.336372325027261,0.599058323065245,1.0118977435172691,1.0118977435172691,0.5954309878647638,,True
storage125,B2,W8x40,8.25,73.36109368613445,14.33424226165568,0.9987428048061339,1.4092987099943919,1.4092987099943919,0.8282570802648644,,False
storage125,E-rail,W8x40,8.25,11.403657328524222,11.85371508677117,0.0035490202072725368,0.0050692469321509965,0.0050692469321509965,0.12874889738795797,,True
storage125,S-header,W8x40,8.25,3.9280831364966033,1.8411839318668255,0.0008397677896735146,0.026012902757476863,0.026012902757476863,0.04434861186219263,,True
storage125,N-header,W8x40,8.25,10.971660238379503,5.021085013248461,0.04334161311370892,0.070515516198871,0.070515516198871,0.12387158939556352,,True
storage125,W-rail,W8x40,8.25,0.31452379904436345,0.1987254211012727,0.0,0.00047931772655539787,0.00047931772655539787,0.003551017990337489,,True
storage125,B1,W10x33,9.73,52.34778750161061,10.260907060800783,0.5114766968861156,0.8575099132626266,0.8575099132626266,0.5994569494470152,,True
storage125,B2,W10x33,9.73,72.96984223039388,14.258776997426496,0.8527277748637168,1.1968113232372466,1.1968113232372466,0.8356089361697676,,False
storage125,E-rail,W10x33,9.73,11.34180724705402,11.767207860231466,0.0030301576038701196,0.004304541409154618,0.004304541409154618,0.12987989556055002,,True
storage125,S-header,W10x33,9.73,3.781685082203554,1.7788052638985443,0.0007169947210077962,0.021294053624954956,0.021294053624954956,0.043305696598490984,,True
storage125,N-header,W10x33,9.73,10.843570569352178,4.963308724949224,0.03700511996842984,0.05952463392819772,0.05952463392819772,0.1241743738341815,,True
storage125,W-rail,W10x33,9.73,0.2594821342116,0.16394847240855087,0.0,0.00033762467931928514,0.00033762467931928514,0.0029714411254859797,,True
storage125,B1,W10x39,9.92,52.68313146771611,10.32559157299336,0.4184809338159128,0.7061220905598335,0.7061220905598335,0.5015534226190169,,True
storage125,B2,W10x39,9.92,73.30519871765287,14.323461509625158,0.6976863612521318,0.9837323350845226,0.9837323350845226,0.6978794215210278,,True
storage125,E-rail,W10x39,9.92,11.394821602603038,11.841356911551927,0.0024792198577119158,0.0035384394350861945,0.0035384394350861945,0.10848086694354624,,True
storage125,S-header,W10x39,9.92,3.907169128740455,1.832272693585687,0.0005866320444609241,0.018064652074789467,0.018064652074789467,0.03719699256055045,,True
storage125,N-header,W10x39,9.92,10.953361714232747,5.012831257777129,0.030276916337806232,0.04917997579763008,0.04917997579763008,0.10427808491839631,,True
storage125,W-rail,W10x39,9.92,0.3066607040682548,0.19375728557374017,0.0,0.0003264635328955072,0.0003264635328955072,0.0029194681755476603,,True
storage125,B1,W10x49,9.98,53.24203807790123,10.43339909331895,0.3215533645864918,0.5483641661476668,0.5483641661476668,0.39083166413228587,,True
storage125,B2,W10x49,9.98,73.86414840245746,14.431269029948796,0.5360898878738807,0.7616749790361229,0.7616749790361229,0.542211550910347,,True
storage125,E-rail,W10x49,9.98,11.48317886184406,11.964938663751111,0.0019049887877271706,0.002740058615974913,0.002740058615974913,0.0842941041726575,,True
storage125,S-header,W10x49,9.98,4.116309206301947,1.9213850763973386,0.00045075771063357773,0.014703042181019036,0.014703042181019036,0.030216423624282427,,True
storage125,N-header,W10x49,9.98,11.136346955700331,5.095368812490277,0.0232642482154467,0.038401173437534866,0.038401173437534866,0.08174812930118484,,True
storage125,W-rail,W10x49,9.98,0.38529165382934555,0.24343864084905933,0.0,0.0003151690271854155,0.0003151690271854155,0.0028282947775604707,,True
storage125,B1,LVL 5.25 x 9.5,9.5,51.29713896894154,10.058234537603113,3.4545523634408033,5.674680294955862,7.997708716306071,3.331219642235405,1.0614150679438716,False
storage125,B2,LVL 5.25 x 9.5,9.5,71.91912691327667,14.056104474248926,5.759172402015234,7.966085406817903,11.50395648506523,4.670404881078919,1.4832981901331146,False
storage125,E-rail,LVL 5.25 x 9.5,9.5,11.510139025887918,11.415097685223195,0.04675594016792365,0.06485398456550978,0.09362191984128641,0.7474647120400463,1.2046007318531269,False
storage125,S-header,LVL 5.25 x 9.5,9.5,3.2624571311716397,1.578085036361997,0.005434220473131898,0.1375661824211503,0.17241965927253033,0.211862912742367,0.16653054070565856,True
storage125,N-header,LVL 5.25 x 9.5,9.5,10.208977088091416,4.787750087037647,0.2718249726578255,0.4237083671047613,0.6024094052110065,0.6629676759082429,0.5052367853357232,True
storage125,W-rail,LVL 5.25 x 9.5,9.5,0.10924505280347464,0.07048810925406415,0.0,0.0013941790815460815,0.0020912686223191223,0.007094338456893628,0.007438396966528336,True
storage125,B1,LVL 5.25 x 11.875,11.875,51.4955368384855,10.096507611047906,1.7899354870071746,2.9517031390823907,4.161070108764867,2.140226262928948,0.8523631276969608,False
storage125,B2,LVL 5.25 x 11.875,11.875,72.1175460371743,14.094377547687861,2.983965603291226,4.138872514869112,5.977648306339119,2.9973056991493503,1.1898696254478605,False
storage125,E-rail,LVL 5.25 x 11.875,11.875,11.695533302047583,11.406808552900365,0.031858926756563696,0.04430098943761789,0.06396683495944844,0.4860826601441549,0.9629808038327706,True
storage125,S-header,LVL 5.25 x 11.875,11.875,3.2714828072174726,1.5960239864500996,0.002983199215811488,0.07594687954551087,0.09564496171078475,0.13596738382761325,0.13473886707928553,True
storage125,N-header,LVL 5.25 x 11.875,11.875,10.114968350964283,4.80589614240815,0.14694389238103217,0.23040244057690787,0.32769377353561346,0.42039217847807475,0.40572134693855905,True
storage125,W-rail,LVL 5.25 x 11.875,11.875,0.1349185262492515,0.08806907077359481,0.0,0.0010477935476487512,0.001571690321473127,0.0056074019412593636,0.007434930127305194,True
storage125,B1,LVL 5.25 x 14,14,51.67305072191148,10.130751939938644,1.1063464684930755,1.8307483216951341,2.5814101988594533,1.5778660442523202,0.7254387354055599,False
storage125,B2,LVL 5.25 x 14,14,72.29507893771384,14.128621876581155,1.8443147932938717,2.5644672000237376,3.7041311651501205,2.207571425117902,1.0117165683194524,False
storage125,E-rail,LVL 5.25 x 14,14,11.87064748301892,11.398995286285707,0.024658751566957925,0.034372591216400676,0.04963964930443305,0.3624769841352219,0.816254585484118,True
storage125,S-header,LVL 5.25 x 14,14,3.270862209485564,1.6119634520311137,0.0019530144998044085,0.049862185366701374,0.06304975618581456,0.09987764112380777,0.11542881862020149,True
storage125,N-header,LVL 5.25 x 14,14,10.00504571554252,4.820320889856327,0.0947781883623422,0.14938968402454925,0.2125402249678029,0.30550977124817846,0.34517156389948633,True
storage125,W-rail,LVL 5.25 x 14,14,0.15702483825518898,0.1037784938227376,0.0,0.0008746781869849436,0.0013120172804774153,0.004794842900227939,0.00743132787846313,True
storage125,B1,LVL 5.25 x 16,16,51.840122612131275,10.162981896537614,0.7514116941648398,1.247452602097916,1.759309096545639,1.2341702077050518,0.6367783143193994,False
storage125,B2,LVL 5.25 x 16,16,72.46216872636808,14.160851833180805,1.2525887895377177,1.7457371427136001,2.521774821284532,1.7251241957296652,0.8872714181190982,False
storage125,E-rail,LVL 5.25 x 16,16,12.03920911061682,11.393293550672647,0.020321375655481668,0.02839498844877011,0.04101282717684273,0.2866203330541013,0.7138655106937748,True
storage125,S-header,LVL 5.25 x 16,16,3.2637006866313882,1.6271675364436,0.0014046516830726148,0.035925699590519174,0.045590590103427364,0.07769970346027662,0.10195285316062658,True
storage125,N-header,LVL 5.25 x 16,16,9.893445343814568,4.832473544142035,0.0672011598582277,0.10644447406647652,0.15148650315208456,0.23553562143845808,0.30278656291616757,True
storage125,W-rail,LVL 5.25 x 16,16,0.17698680960669264,0.11854387884658064,0.0,0.0007703011989002213,0.001155451798350332,0.004213567340641868,0.007427561331239388,True
storage125,B1,LVL 5.25 x 18,18,52.00720378615216,10.195211853130987,0.5358960164070165,0.892545157375746,1.2590337776550973,0.994086648385093,0.5678202090298516,False
storage125,B2,LVL 5.25 x 18,18,72.62925851498892,14.193081789772606,0.8932981406570298,1.2478793260004735,1.802760570492615,1.3882649116983343,0.7904807457406074,False
storage125,E-rail,LVL 5.25 x 18,18,12.208625915549991,11.390338371912845,0.017290616099417445,0.02422025310261245,0.03498743907365865,0.23336059496065462,0.6343825325487521,True
storage125,S-header,LVL 5.25 x 18,18,3.2624578415170737,1.642676153783601,0.0010624161401188899,0.027217835078730844,0.034658844153287516,0.062359933722007245,0.09148850759028689,True
storage125,N-header,LVL 5.25 x 18,18,9.911701305159268,4.843385339192665,0.050128339709174366,0.07979148887185214,0.11358904476949755,0.1894562524598465,0.26975134164258785,True
storage125,W-rail,LVL 5.25 x 18,18,0.19605545076805636,0.13328858610078204,0.0,0.0006984350583295766,0.0010476525874943648,0.003747482882429843,0.007423480150419495,True
storage125,B1,LVL 5.25 x 20,20,52.17429357481358,10.227441809727605,0.39731306433846836,0.6638670933313942,0.9366488325937384,0.8194554572085531,0.5126537247983761,True
storage125,B2,LVL 5.25 x 20,20,72.79634830364743,14.225311746369028,0.662266626987444,0.927283299990665,1.339725055262115,1.1433478212166024,0.7130482078380466,False
storage125,E-rail,LVL 5.25 x 20,20,12.3770132748452,11.390727137703855,0.015058241569667865,0.02114672485659338,0.030551162281237398,0.19439479439182505,0.5709637663009451,True
storage125,S-header,LVL 5.25 x 20,20,3.343254142781156,1.6584963543954037,0.0008354290125074342,0.02144681946023255,0.027400055383278766,0.05250953418676758,0.083132649343128,True
storage125,N-header,LVL 5.25 x 20,20,10.050099415198344,4.85320030416797,0.038914234748061535,0.062244656604283986,0.08863587167495106,0.15784801761548714,0.24326818567257993,True
storage125,W-rail,LVL 5.25 x 20,20,0.2141713222415353,0.14801167618780928,0.0,0.0006467318629971954,0.0009700977944957931,0.00336379942618178,0.007419131638486682,True
storage125,B1,LVL 7 x 9.5,9.5,51.561669461806645,10.109265302215428,2.5909142725806023,4.278099337462584,6.031415211598084,2.5112986252744403,0.8001001426367573,False
storage125,B2,LVL 7 x 9.5,9.5,72.18368574533632,14.107135238861225,4.319379301511425,5.996653171359114,8.661101038167454,3.5156889346606834,1.116512484278688,False
storage125,E-rail,LVL 7 x 9.5,9.5,11.553680534094948,11.472312390409208,0.03506695512594274,0.04883608352628439,0.07050983253419289,0.5627192126435091,0.9079788199769853,True
storage125,S-header,LVL 7 x 9.5,9.5,3.358712215917692,1.6200841831841581,0.004075665354848924,0.10653979634345527,0.1343624837457866,0.163585265150781,0.12822193772727805,True
storage125,N-header,LVL 7 x 9.5,9.5,10.2931942344043,4.8266509418571735,0.20386872949336912,0.3203245396703513,0.4556219504209253,0.5013275326488351,0.38200640616202397,True
storage125,W-rail,LVL 7 x 9.5,9.5,0.1456600704046328,0.0939841456720857,0.0,0.001394179081546081,0.002091268622319122,0.007094338456893626,0.007438396966528351,True
storage125,B1,LVL 7 x 11.875,11.875,51.82619995456621,10.160296066813197,1.342451615255381,2.2280826231089392,3.1422604847693694,1.6154768120749994,0.6433111874515677,False
storage125,B2,LVL 7 x 11.875,11.875,72.44824457724822,14.158166003453148,2.2379742024684193,3.1184596549489805,4.50469413295006,2.258287493443188,0.8964410607647422,False
storage125,E-rail,LVL 7 x 11.875,11.875,11.750898336179786,11.477695745813685,0.023894195067422772,0.03339408825684296,0.04822764548753063,0.36628778107966575,0.7267239095093746,True
storage125,S-header,LVL 7 x 11.875,11.875,3.3900028176330816,1.6484033291401101,0.002237399411858616,0.05921851122399266,0.07512124863037782,0.10566993045131885,0.10437061047187085,True
storage125,N-header,LVL 7 x 11.875,11.875,10.218627803066965,4.854409089473726,0.11020791928577413,0.17452167339726157,0.24835009459858115,0.3185253073069487,0.3073626649449134,True
storage125,W-rail,LVL 7 x 11.875,11.875,0.17989136833233532,0.11742542769812636,0.0,0.001047793547648752,0.0015716903214731282,0.005607401941259364,0.007434930127305192,True
storage125,B1,LVL 7 x 14,14,52.06290038242031,10.205955171998841,0.8297598513698066,1.3834845147211026,1.951692559319218,1.192327744313119,0.5481178932330205,False
storage125,B2,LVL 7 x 14,14,72.68495511127512,14.203825108641334,1.3832360949704037,1.9337736734675548,2.793733284037217,1.6646073871556772,0.762826267918439,False
storage125,E-rail,LVL 7 x 14,14,11.93694551258944,11.481922708801125,0.018494063675218442,0.02593405545045823,0.03746165503556137,0.2733760741808431,0.6166446137916823,True
storage125,S-header,LVL 7 x 14,14,3.408401669078879,1.6735703849227324,0.0014647608748533062,0.03910220517647197,0.04984566636652983,0.07805811516367474,0.08988025697759035,True
storage125,N-header,LVL 7 x 14,14,10.125263709740342,4.87737537874272,0.07108364127175665,0.11335099726653848,0.161368270098042,0.2318855221459514,0.2619428237778045,True
storage125,W-rail,LVL 7 x 14,14,0.2093664510069185,0.13837132509698333,0.0,0.0008746781869849435,0.0013120172804774153,0.004794842900227936,0.007431327878463121,True
storage125,B1,LVL 7 x 16,16,52.28568676730168,10.248928447463555,0.5635587706236298,0.9436792979125235,1.3316165919178595,0.9335833951495309,0.48162257741840014,False
storage125,B2,LVL 7 x 16,16,72.90774149615224,14.246798384106746,0.9394415921532883,1.3173927033742863,1.9034658854720286,1.3017990399856199,0.6694924052681742,False
storage125,E-rail,LVL 7 x 16,16,12.116082626303054,11.487420713737782,0.015241031741611248,0.021442500706199217,0.030979009437064494,0.21633785943211778,0.5398224019613619,True
storage125,S-header,LVL 7 x 16,16,3.4182908598159423,1.6974027541104288,0.0010534887623044609,0.028316912226011404,0.03625189887725356,0.06103505153749497,0.07976516701646752,True
storage125,N-header,LVL 7 x 16,16,10.028440992841466,4.897510509782675,0.05040086989367076,0.08089458986029588,0.11520672882972118,0.17906212137599192,0.23014617057249415,True
storage125,W-rail,LVL 7 x 16,16,0.23598241280892357,0.1580585051287741,0.0,0.0007703011989002211,0.0011554517983503316,0.004213567340641868,0.007427561331239385,True
storage125,B1,LVL 7 x 18,18,52.50847315215909,10.29190172292263,0.4019220123052623,0.6758989244258856,0.9540104178324372,0.7527510847672285,0.42990399845123767,True
storage125,B2,LVL 7 x 18,18,73.1305278809958,14.289771659564249,0.6699736054927723,0.9423995508944312,1.3618055124605752,1.0483847822521588,0.5968994009843045,False
storage125,E-rail,LVL 7 x 18,18,12.296330752767037,11.495568076672113,0.012967962074563084,0.018305650237302542,0.026451269920758795,0.17627776541854023,0.48018245934302894,True
storage125,S-header,LVL 7 x 18,18,3.4377317500619027,1.7214819677564779,0.0007968121050891673,0.02155599492143433,0.02770806103354493,0.04928264237467043,0.07190818578765572,True
storage125,N-header,LVL 7 x 18,18,10.059533471404933,4.916345681266058,0.03759625478188077,0.060734801279710496,0.08652856051585525,0.1442114820385125,0.20536113956833996,True
storage125,W-rail,LVL 7 x 18,18,0.26140726769074196,0.17771811480104274,0.0,0.0006984350583295766,0.001047652587494365,0.003747482882429845,0.007423480150419496,True
storage125,B1,LVL 7 x 20,20,52.73125953704338,10.334874998384983,0.29798479825385127,0.5032459503022696,0.7105050699008899,0.6211524215150594,0.38852913527763094,True
storage125,B2,LVL 7 x 20,20,73.35333049623358,14.332744935026405,0.49669997024058293,0.7008082110499413,1.0128123955319999,0.8640718857079795,0.5388249975573837,True
storage125,E-rail,LVL 7 x 20,20,12.475785693970963,11.506989140515996,0.011293681177250898,0.015996300722611736,0.023117757331178095,0.14695959402731731,0.4325935767111277,True
storage125,S-header,LVL 7 x 20,20,3.539537444025193,1.7458135406900523,0.0006265717593805755,0.01706413110524192,0.022018566302560338,0.04169428672294421,0.06563208799586663,True
storage125,N-header,LVL 7 x 20,20,10.215856923794025,4.934021961155065,0.02918567606104615,0.04745269230601798,0.06763070353542078,0.120338568086133,0.18548954741184456,True
storage125,W-rail,LVL 7 x 20,20,0.2855617629887138,0.1973489015837458,0.0,0.0006467318629971952,0.0009700977944957928,0.00336379942618178,0.0074191316384866835,True
patch1000,B1,W8x18,8.14,30.27407730955165,5.934216299045099,0.45224021345938936,1.3699845689140435,1.3699845689140435,0.7982796174781777,,False
patch1000,B2,W8x18,8.14,42.36793655617369,7.712170804002137,0.9629617625707841,1.875320120795879,1.875320120795879,1.1171755902443694,,False
patch1000,E-rail,W8x18,8.14,6.100893767502938,6.481816588091889,0.003025900022321511,0.006406780123860961,0.006406780123860961,0.16087093565889324,,True
patch1000,S-header,W8x18,8.14,3.2595936600977207,1.4490131077853872,0.0006412861169202594,0.052064618720566454,0.052064618720566454,0.08595033808994516,,True
patch1000,N-header,W8x18,8.14,6.0394626425614515,2.742921235329803,0.03191303515743496,0.09008881120207332,0.09008881120207332,0.15925109389069933,,True
patch1000,W-rail,W8x18,8.14,0.14153570956996364,0.0894264394955722,0.0,0.0005087427243083953,0.0005087427243083953,0.0037320731839237784,,True
patch1000,B1,W8x24,7.93,30.609385354058414,5.998900811237064,0.33849660475376303,1.0368484470964376,1.0368484470964376,0.586997208129503,,True
patch1000,B2,W8x24,7.93,42.703280522284174,7.776855316197597,0.7207658174502,1.4150863027371339,1.4150863027371339,0.8189222408292582,,False
patch1000,E-rail,W8x24,7.93,6.153908123048854,6.555965639409569,0.002264851407275714,0.004837206174538912,0.004837206174538912,0.1180137021874632,,True
patch1000,S-header,W8x24,7.93,3.385077706634604,1.5024805374724437,0.0004799952918665545,0.04059285383998524,0.04059285383998524,0.06491574855594016,,True
patch1000,N-header,W8x24,7.93,6.149253787441997,2.7924437681577206,0.023886540220619396,0.0686384516734125,0.0686384516734125,0.11792444583764365,,True
patch1000,W-rail,W8x24,7.93,0.1887142794266184,0.11923525266076297,0.0,0.0005077174467503374,0.0005077174467503374,0.003618980057138213,,True
patch1000,B1,W8x40,8.25,31.503627814639486,6.171392843757922,0.1917374603639466,0.6045768808159705,0.6045768808159705,0.3556803951579579,,True
patch1000,B2,W8x40,8.25,43.59754792718696,7.949347348716839,0.40826940481596946,0.8188253100042275,0.8188253100042275,0.49222245659764874,,True
patch1000,E-rail,W8x40,8.25,6.295279737836523,6.753696442930482,0.0012828987080938461,0.0028031254329723056,0.0028031254329723056,0.07107459489929235,,True
patch1000,S-header,W8x40,8.25,3.719701830733016,1.6450603499712046,0.00027188774409153465,0.02544502271189488,0.02544502271189488,0.04199595757064205,,True
patch1000,N-header,W8x40,8.25,6.44203017379016,2.9245038556987724,0.013530252577022082,0.04070415566218417,0.04070415566218417,0.0727314279902844,,True
patch1000,W-rail,W8x40,8.25,0.31452379904436345,0.1987254211012727,0.0,0.00047931772655539787,0.00047931772655539787,0.003551017990337489,,True
patch1000,B1,W10x33,9.73,31.11239318750979,6.095927579531443,0.16370566791307722,0.5097388842895882,0.5097388842895882,0.35628134827296926,,True
patch1000,B2,W10x33,9.73,43.20629647144637,7.873882084487655,0.34858089533995057,0.6926644437134805,0.6926644437134805,0.4947738178787344,,True
patch1000,E-rail,W10x33,9.73,6.233429656366323,6.667189216390778,0.0010953404174368513,0.0023697242227213497,0.0023697242227213497,0.07138167446490348,,True
patch1000,S-header,W10x33,9.73,3.573303776439966,1.5826816820029235,0.00023213807390271382,0.020809196977849873,0.020809196977849873,0.04091943295991824,,True
patch1000,N-header,W10x33,9.73,6.313940504762834,2.866727567399535,0.011552145475118271,0.034071659434886145,0.034071659434886145,0.07230363869454125,,True
patch1000,W-rail,W10x33,9.73,0.2594821342116,0.16394847240855087,0.0,0.00033762467931928514,0.00033762467931928514,0.0029714411254859797,,True
patch1000,B1,W10x39,9.92,31.447737153615293,6.160612091724023,0.13394100101979045,0.4215821577637112,0.4215821577637112,0.2993884335194539,,True
patch1000,B2,W10x39,9.92,43.54165295870536,7.938566596686315,0.2852025507326868,0.5712485245650776,0.5712485245650776,0.4145248101151807,,True
patch1000,E-rail,W10x39,9.92,6.286444011915342,6.741338267711239,0.0008961876142665146,0.0019554071916407937,0.0019554071916407937,0.05984814156711802,,True
patch1000,S-header,W10x39,9.92,3.6987878229768674,1.6361491116900657,0.00018993115137494766,0.01766795118170349,0.01766795118170349,0.03521316293228333,,True
patch1000,N-header,W10x39,9.92,6.423731649643402,2.9162501002274404,0.00945175538873313,0.02835481484855697,0.02835481484855697,0.06115514596620131,,True
patch1000,W-rail,W10x39,9.92,0.3066607040682548,0.19375728557374017,0.0,0.0003264635328955072,0.0003264635328955072,0.0029194681755476603,,True
patch1000,B1,W10x49,9.98,32.00664376380041,6.268419612049612,0.10291790151888311,0.32972870308005814,0.32972870308005814,0.2349498685078975,,True
patch1000,B2,W10x49,9.98,44.10060264350995,8.046374117009954,0.21914460699680716,0.4447296981590493,0.4447296981590493,0.3237275007237873,,True
patch1000,E-rail,W10x49,9.98,6.374801271156363,6.864920019910423,0.000688614747726844,0.0015236845759745868,0.0015236845759745868,0.046795244495960994,,True
patch1000,S-header,W10x49,9.98,3.90792790053836,1.7252614945017173,0.00014593974499030907,0.014398224215375769,0.014398224215375769,0.028686767445710155,,True
patch1000,N-header,W10x49,9.98,6.606716891110987,2.9987876549405885,0.007262562045019207,0.02239948726710737,0.02239948726710737,0.04849765805782571,,True
patch1000,W-rail,W10x49,9.98,0.38529165382934555,0.24343864084905933,0.0,0.0003151690271854155,0.0003151690271854155,0.0028282947775604707,,True
patch1000,B1,LVL 5.25 x 9.5,9.5,30.06174465475093,5.893255056318723,1.105677315669236,3.3258052471842943,4.474396144648719,1.9521999917851913,0.6218973809596331,False
patch1000,B2,LVL 5.25 x 9.5,9.5,42.155581152675914,7.671209561044566,2.3563140248780465,4.563227029680714,6.399668919359448,2.7375698291997796,0.8095195421231569,False
patch1000,E-rail,LVL 5.25 x 9.5,9.5,6.239041293236794,6.371896760926913,0.016959449664754413,0.03505749406234055,0.04892718408653256,0.4051613271713239,0.6724069923151998,True
patch1000,S-header,LVL 5.25 x 9.5,9.5,3.0725280892335274,1.3993282910084823,0.0017452136000789605,0.13387717554809733,0.1668861489629509,0.19952898208166747,0.14766688204811845,True
patch1000,N-header,LVL 5.25 x 9.5,9.5,5.804643111240889,2.6999616374004383,0.08512560707757402,0.23700900152450977,0.3223603568406293,0.37695164948750104,0.28491878511019003,True
patch1000,W-rail,LVL 5.25 x 9.5,9.5,0.10924505280347464,0.07048810925406415,0.0,0.0013941790815460815,0.0020912686223191223,0.007094338456893628,0.007438396966528336,True
patch1000,B1,LVL 5.25 x 11.875,11.875,30.260142524337983,5.931528129769476,0.5728933792250643,1.7346610313002804,2.3355069470917007,1.2576536866426022,0.5007489781100732,False
patch1000,B2,LVL 5.25 x 11.875,11.875,42.35400027668663,7.709482634498273,1.2214436855532418,2.3763505971311276,3.333865429732143,1.760291265951401,0.6508467070411417,False
patch1000,E-rail,LVL 5.25 x 11.875,11.875,6.350282169643385,6.387479935845958,0.011561153801539653,0.02400321648259385,0.03352017552691237,0.2639265752119094,0.5392411501043943,True
patch1000,S-header,LVL 5.25 x 11.875,11.875,3.0886370093301587,1.4239338237326282,0.0009560461418021416,0.07391972647150151,0.09260423209977073,0.12836805769703946,0.12021074359436514,True
patch1000,N-header,LVL 5.25 x 11.875,11.875,5.777986141967585,2.7228341326200907,0.04608575186128976,0.12954430005716544,0.1764065627559999,0.24014115488619553,0.22986596027923203,True
patch1000,W-rail,LVL 5.25 x 11.875,11.875,0.1349185262492515,0.08806907077359481,0.0,0.0010477935476487512,0.001571690321473127,0.0056074019412593636,0.007434930127305194,True
patch1000,B1,LVL 5.25 x 14,14,30.43765640774082,5.965772458657675,0.35410117920528356,1.0785030324073421,1.4530422649277661,0.9294311801108364,0.42719459066650023,False
patch1000,B2,LVL 5.25 x 14,14,42.53153317715373,7.743726963382713,0.7553232488673354,1.4754756555972013,2.070643848510316,1.2987245976898534,0.5545096285988337,False
patch1000,E-rail,LVL 5.25 x 14,14,6.455004943223712,6.400881125330873,0.008950655713236262,0.018664495362679015,0.02607750552385055,0.19710725364768641,0.4583516738511187,True
patch1000,S-header,LVL 5.25 x 14,14,3.0940672108143255,1.4455681591640632,0.0006251957005667173,0.04853436656746368,0.06105802798695801,0.09447910511132707,0.10351365264332713,True
patch1000,N-header,LVL 5.25 x 14,14,5.738626272090801,2.7422106530888466,0.02976735283979974,0.08437884850200679,0.11502397168398923,0.1752322227715259,0.19636309724946988,True
patch1000,W-rail,LVL 5.25 x 14,14,0.15702483825518898,0.1037784938227376,0.0,0.0008746781869849436,0.0013120172804774153,0.004794842900227939,0.00743132787846313,True
patch1000,B1,LVL 5.25 x 16,16,30.604728297965,5.998002415255917,0.2404993739207228,0.7365402818537988,0.9929406161794637,0.7286140922710148,0.37581468767267656,True
patch1000,B2,LVL 5.25 x 16,16,42.698622965836904,7.775956919982921,0.5132607610695568,1.0064091142454392,1.4127827785822908,1.0165363374764618,0.48721534586359155,False
patch1000,E-rail,LVL 5.25 x 16,16,6.555914908918195,6.414143882962471,0.007377477748365174,0.015451090541653618,0.02159698031616799,0.15607823548902616,0.4018887144713328,True
patch1000,S-header,LVL 5.25 x 16,16,3.092170073010636,1.4657269589181874,0.00044952001746523804,0.03497056792491179,0.04415789260501629,0.07361603308349092,0.0918375287542724,True
patch1000,N-header,LVL 5.25 x 16,16,5.701336710786743,2.759578101088611,0.021134953663149568,0.06037826787139839,0.0823871938594674,0.13573308777054272,0.17290589605818366,True
patch1000,W-rail,LVL 5.25 x 16,16,0.17698680960669264,0.11854387884658064,0.0,0.0007703011989002213,0.001155451798350332,0.004213567340641868,0.007427561331239388,True
patch1000,B1,LVL 5.25 x 18,18,30.77180947199989,6.03023237185086,0.17152060049110085,0.5281697414598303,0.7124706537812238,0.5881847651057548,0.3358525408995188,True
patch1000,B2,LVL 5.25 x 18,18,42.86571275448612,7.808186876577964,0.36625280706113666,0.7208339924045803,1.0121925700987755,0.8193525054329397,0.4348753481803377,True
patch1000,E-rail,LVL 5.25 x 18,18,6.657698116156901,6.42869885952512,0.0062778687931265755,0.013207505796321576,0.018468318114222344,0.127257924372631,0.3580450492634431,True
patch1000,S-header,LVL 5.25 x 18,18,3.09572103026457,1.4857473902518337,0.00034013811823359227,0.02649555705684555,0.033575427120459564,0.05917285912861114,0.0827483926623132,True
patch1000,N-header,LVL 5.25 x 18,18,5.707930542809889,2.7761749181132207,0.015786864233324018,0.045450013396001784,0.06207683155572203,0.10910368428666871,0.15461848611045506,True
patch1000,W-rail,LVL 5.25 x 18,18,0.19605545076805636,0.13328858610078204,0.0,0.0006984350583295766,0.0010476525874943648,0.003747482882429843,0.007423480150419495,True
patch1000,B1,LVL 5.25 x 20,20,30.938899260664414,6.062462328447728,0.1271652193993455,0.3937192483922712,0.5314270651850542,0.48592991111270084,0.3038828234810891,True
patch1000,B2,LVL 5.25 x 20,20,43.03280254314836,7.840416833174851,0.27170223440165414,0.5367189074048754,0.75387846638343,0.6758781473944857,0.39300335003382714,True
patch1000,E-rail,LVL 5.25 x 20,20,6.759405008826749,6.4449079713305615,0.005467720078160039,0.011556203365085557,0.016165380043975653,0.10616399269543342,0.32305303114438905,True
patch1000,S-header,LVL 5.25 x 20,20,3.1808585582593585,1.5056534513160573,0.00026774749664591996,0.020879137944371035,0.026548533109486495,0.0499589304536832,0.07547135094316078,True
patch1000,N-header,LVL 5.25 x 20,20,5.751534446246895,2.792077526403778,0.01227133776443113,0.03560175962065358,0.04867152619950545,0.09033426169041968,0.13995376072199386,True
patch1000,W-rail,LVL 5.25 x 20,20,0.2141713222415353,0.14801167618780928,0.0,0.0006467318629971954,0.0009700977944957931,0.00336379942618178,0.007419131638486682,True
patch1000,B1,LVL 7 x 9.5,9.5,30.326275147616034,5.944285820931038,0.8292579867519271,2.516443051633909,3.3889307828550717,1.4770338874367799,0.4704618773985784,False
patch1000,B2,LVL 7 x 9.5,9.5,42.42013998473557,7.722240325656864,1.7672355186585347,3.4445093885062232,4.832885363888117,2.066062645751329,0.61117849827122,False
patch1000,E-rail,LVL 7 x 9.5,9.5,6.282582801443826,6.429111466112927,0.01271958724856581,0.026488715648907465,0.036988780718127494,0.30599167399196736,0.5088335153235399,True
patch1000,S-header,LVL 7 x 9.5,9.5,3.1687831739795795,1.4413274378306433,0.0013089102000592202,0.10377304118866555,0.13021235101360204,0.15433481715525638,0.11407419373412293,True
patch1000,N-header,LVL 7 x 9.5,9.5,5.888860257553773,2.7388624922199636,0.06384420530818051,0.1803000154851627,0.24558516414314252,0.28681551283327866,0.21676790599287407,True
patch1000,W-rail,LVL 7 x 9.5,9.5,0.1456600704046328,0.0939841456720857,0.0,0.001394179081546081,0.002091268622319122,0.007094338456893626,0.007438396966528351,True
patch1000,B1,LVL 7 x 11.875,11.875,30.590805640418697,5.995316585534769,0.4296700344187982,1.3153010422723563,1.7730881135144947,0.9535473798602401,0.37960057526140206,False
patch1000,B2,LVL 7 x 11.875,11.875,42.68469881676054,7.773271090263558,0.9160827641649313,1.796568216645492,2.5218569754948277,1.330526668544726,0.4921738719597029,False
patch1000,E-rail,LVL 7 x 11.875,11.875,6.405647203775585,6.458367128759279,0.00867086535115474,0.018170758540574927,0.025392650913128586,0.19967071738048153,0.4089191692130924,True
patch1000,S-header,LVL 7 x 11.875,11.875,3.2071570197457673,1.476313166422639,0.0007170346063516063,0.05769814641848565,0.0728407014221173,0.0999704358533885,0.09347451785818055,True
patch1000,N-header,LVL 7 x 11.875,11.875,5.881645594070266,2.7713470796856656,0.03456431389596732,0.09887806800745479,0.13488468651387098,0.18333703961303924,0.17547112495041808,True
patch1000,W-rail,LVL 7 x 11.875,11.875,0.17989136833233532,0.11742542769812636,0.0,0.001047793547648752,0.0015716903214731282,0.005607401941259364,0.007434930127305192,True
patch1000,B1,LVL 7 x 14,14,30.82750606824965,6.040975690717871,0.2655758844039627,0.8193005477552584,1.1054166088704525,0.7060015962070063,0.3244347846787256,False
patch1000,B2,LVL 7 x 14,14,42.92140935071502,7.818930195442892,0.5664924366505015,1.1170300151476524,1.568617796557364,0.9829722665846408,0.4199210631279749,False
patch1000,E-rail,LVL 7 x 14,14,6.521302972794233,6.483808547846291,0.006712991784927196,0.014152983560166985,0.019790047200124495,0.14934877631519144,0.34821743006693295,True
patch1000,S-header,LVL 7 x 14,14,3.2316066704076403,1.5071750920556817,0.000468896775425038,0.03810634107704371,0.048351870217387426,0.0740092131543142,0.08094388249493457,True
patch1000,N-header,LVL 7 x 14,14,5.8588442662886235,2.799265141975239,0.022325514629849805,0.06459287062463165,0.08823108013518173,0.134177360788462,0.1503364737902921,True
patch1000,W-rail,LVL 7 x 14,14,0.2093664510069185,0.13837132509698333,0.0,0.0008746781869849435,0.0013120172804774153,0.004794842900227936,0.007431327878463121,True
patch1000,B1,LVL 7 x 16,16,31.05029245313541,6.0839489661818575,0.18037453044054208,0.5604950577294358,0.7568402316432278,0.5544163085740034,0.285899857433358,True
patch1000,B2,LVL 7 x 16,16,43.14419573562106,7.861903470908862,0.3849455708021675,0.7628966820231657,1.0717218534453476,0.7703581462957171,0.3694503510765442,False
patch1000,E-rail,LVL 7 x 16,16,6.6327884246044295,6.508271046027608,0.00553310831127388,0.011734577275861845,0.01641712429155844,0.11843128625831144,0.3058398047945305,True
patch1000,S-header,LVL 7 x 16,16,3.24676024619519,1.535962176585016,0.0003371400130989285,0.027600563476805867,0.03517737575344526,0.0579722987549057,0.07217867371170189,True
patch1000,N-header,LVL 7 x 16,16,5.836332359813642,2.8246150667292524,0.015851215247362174,0.04634493521398729,0.06338224686025828,0.10421022112505544,0.1327356704290062,True
patch1000,W-rail,LVL 7 x 16,16,0.23598241280892357,0.1580585051287741,0.0,0.0007703011989002211,0.0011554517983503316,0.004213567340641868,0.007427561331239385,True
patch1000,B1,LVL 7 x 18,18,31.273078838006825,6.126922241642505,0.1286404503683256,0.4026173624889489,0.5440880749270322,0.4483246723077249,0.25592824735348807,True
patch1000,B2,LVL 7 x 18,18,43.366982120493,7.904876746369605,0.2746896052958525,0.5471155506975113,0.7688795121651957,0.6217004775531128,0.3301953528141021,True
patch1000,E-rail,LVL 7 x 18,18,6.745402953373947,6.533928564284388,0.004708401594844931,0.01004608975758439,0.014061929201181569,0.09670076247752254,0.2729293468790471,True
patch1000,S-header,LVL 7 x 18,18,3.270994938809399,1.5645532042247106,0.00025510358867519416,0.021014286405020358,0.026895498258923973,0.04689233642962335,0.06535309959167546,True
patch1000,N-header,LVL 7 x 18,18,5.855762709055554,2.849135260186615,0.011840148174993013,0.03497869467282274,0.04789440060552362,0.08394705590862916,0.11901149791924039,True
patch1000,W-rail,LVL 7 x 18,18,0.26140726769074196,0.17771811480104274,0.0,0.0006984350583295766,0.001047652587494365,0.003747482882429845,0.007423480150419496,True
patch1000,B1,LVL 7 x 20,20,31.495865222894217,6.169895517105105,0.09537391454950912,0.30063506659792744,0.4065887443443767,0.3710082619431704,0.23195095928966558,True
patch1000,B2,LVL 7 x 20,20,43.58978473573451,7.947850021832227,0.2037766758012406,0.40788491661059884,0.5734274538729862,0.513469630341392,0.2987913542042191,True
patch1000,E-rail,LVL 7 x 20,20,6.858177427952511,6.561169974142701,0.004100790058620029,0.008803409603980867,0.012328420653231788,0.08078649275502361,0.24666052534371058,True
patch1000,S-header,LVL 7 x 20,20,3.3771418595033955,1.592970637610706,0.00020081062248443994,0.016638369968345786,0.021379924597216132,0.03978133392313093,0.0598861141958912,True
patch1000,N-header,LVL 7 x 20,20,5.917291954842575,2.872899183390873,0.009203503323323346,0.02747051956829518,0.037657444428836576,0.06970325114233242,0.108003728698905,True
patch1000,W-rail,LVL 7 x 20,20,0.2855617629887138,0.1973489015837458,0.0,0.0006467318629971952,0.0009700977944957928,0.00336379942618178,0.0074191316384866835,True
